"exam","subject","chapter","unit","topic","difficulty","type","marks","negativeMarks","text","textHindi","optionA","optionAHindi","optionB","optionBHindi","optionC","optionCHindi","optionD","optionDHindi","correctOption","explanation","explanationHindi"
"SSC CGL Tier 1","English Comprehension","Sentence improvement","Sentence improvement","Sentence Improvement","Medium","MCQ","2","0.5","The corporate team felt that the new project was too risky to undertake, so they decided to back down.","कॉर्पोरेट टीम को लगा कि नया प्रोजेक्ट शुरू करना बहुत जोखिम भरा है, इसलिए उन्होंने पीछे हटने का फैसला किया।","back out","","back up","","back off","","No improvement","","A","""Back out"" means to withdraw from an agreement, commitment, or project. ""Back down"" means to admit defeat in an argument. Here, the context is about withdrawing from a project.","""बैक आउट"" का अर्थ है किसी समझौते, प्रतिबद्धता या परियोजना से पीछे हटना। ""पीछे हटना"" का अर्थ है किसी तर्क में हार स्वीकार करना। यहां संदर्भ एक प्रोजेक्ट से हटने का है."
"SSC CGL Tier 1","English Comprehension","Sentence improvement","Sentence improvement","Sentence Improvement","Medium","MCQ","2","0.5","Scarcely had he reached the station than the train started.","वह स्टेशन पर पहुंचा ही था कि ट्रेन चल पड़ी।","then","","when","","before","","No improvement","","B","According to the rule of correlative conjunctions, ""Scarcely"" and ""Hardly"" are followed by ""when"" or ""before,"" not ""than."" ""Than"" is used with ""No sooner.""","सहसंबंधी संयोजनों के नियम के अनुसार, ""दुर्लभ"" और ""मुश्किल से"" के बाद ""कब"" या ""पहले"" आता है, ""से"" नहीं। ""थान"" का प्रयोग ""नो सूनरी"" के साथ किया जाता है।"
"SSC CGL Tier 1","English Comprehension","Sentence improvement","Sentence improvement","Sentence Improvement","Medium","MCQ","2","0.5","She is looking forward to meet her childhood friend after a decade.","वह एक दशक बाद अपने बचपन के दोस्त से मिलने का इंतजार कर रही है।","to meeting","","for meeting","","to be meeting","","No improvement","","A","The phrase ""look forward to"" is always followed by a gerund (Verb + ing), not by an infinitive (to + Verb).","वाक्यांश ""आगे देखो"" के बाद हमेशा गेरुंड (क्रिया + आईएनजी) आता है, न कि इनफिनिटिव (टू + क्रिया) के साथ।"
"SSC CGL Tier 1","English Comprehension","Sentence improvement","Sentence improvement","Sentence Improvement","Medium","MCQ","2","0.5","If I was a king, I would help the poor and needy of my kingdom.","यदि मैं राजा होता तो अपने राज्य के गरीबों और जरूरतमंदों की मदद करता।","am","","had been","","were","","No improvement","","C","This is a hypothetical conditional sentence. In such imaginary situations, ""were"" is used for all subjects, whether singular or plural.","यह एक काल्पनिक सशर्त वाक्य है. ऐसी काल्पनिक स्थितियों में, ""थे"" का प्रयोग सभी विषयों के लिए किया जाता है, चाहे एकवचन हो या बहुवचन।"
"SSC CGL Tier 1","English Comprehension","Sentence improvement","Sentence improvement","Sentence Improvement","Medium","MCQ","2","0.5","The teacher as well as her students are present in the seminar.","सेमिनार में शिक्षिका के साथ-साथ उनके छात्र भी मौजूद हैं.","is","","have been","","were","","No improvement","","A","When subjects are connected by ""as well as,"" ""along with,"" or ""together with,"" the verb agrees with the first subject. Since ""The teacher"" is singular, the correct verb is ""is.""","जब विषय ""साथ ही,"" ""साथ में,"" या ""एक साथ"" से जुड़े होते हैं तो क्रिया पहले विषय से सहमत होती है। चूँकि ""शिक्षक"" एकवचन है, इसलिए सही क्रिया ""है"" है।"
"SSC CGL Tier 1","English Comprehension","Sentence improvement","Sentence improvement","Sentence Improvement","Medium","MCQ","2","0.5","He is senior than me in the digital marketing department.","वह डिजिटल मार्केटिंग विभाग में मुझसे वरिष्ठ हैं।","to","","over","","from","","No improvement","","A","Latin adjectives such as senior, junior, superior, inferior, and prior take the preposition ""to"" instead of ""than.""","वरिष्ठ, कनिष्ठ, श्रेष्ठ, निम्न और पूर्व जैसे लैटिन विशेषण ""से"" के बजाय ""से"" पूर्वसर्ग लेते हैं।"
"SSC CGL Tier 1","English Comprehension","Sentence improvement","Sentence improvement","Sentence Improvement","Medium","MCQ","2","0.5","I have been living in this chaotic city since five years.","मैं पांच साल से इस अव्यवस्थित शहर में रह रहा हूं.","from","","for","","before","","No improvement","","B","""For"" is used to indicate a period or duration of time, whereas ""since"" is used to indicate a specific point in time.","""के लिए"" का उपयोग किसी अवधि या समय की अवधि को इंगित करने के लिए किया जाता है, जबकि ""चूंकि"" का उपयोग समय में एक विशिष्ट बिंदु को इंगित करने के लिए किया जाता है।"
"SSC CGL Tier 1","English Comprehension","Sentence improvement","Sentence improvement","Sentence Improvement","Medium","MCQ","2","0.5","No sooner did the bell ring when the children ran out of their classrooms.","जैसे ही घंटी बजी, बच्चे अपनी कक्षाओं से बाहर भागे।","than","","then","","before","","No improvement","","A","The correlative conjunction ""No sooner"" is always followed by ""than.""","सहसंबद्ध संयोजन ""अभी नहीं"" के बाद हमेशा ""से"" आता है।"
"SSC CGL Tier 1","English Comprehension","Sentence improvement","Sentence improvement","Sentence Improvement","Medium","MCQ","2","0.5","Unless you do not work hard, you cannot clear the Tier-2 exam.","जब तक आप कड़ी मेहनत नहीं करेंगे तब तक आप टियर-2 परीक्षा पास नहीं कर सकते।","work hard","","will not work hard","","had worked hard","","No improvement","","A","""Unless"" already carries a negative meaning equivalent to ""if not."" Therefore, using another negative word such as ""not"" is incorrect.","""जब तक"" पहले से ही ""यदि नहीं"" के बराबर नकारात्मक अर्थ रखता है। इसलिए, ""नहीं"" जैसे किसी अन्य नकारात्मक शब्द का उपयोग करना गलत है।"
"SSC CGL Tier 1","English Comprehension","Sentence improvement","Sentence improvement","Sentence Improvement","Medium","MCQ","2","0.5","I am tired with walking such a long distance in the sun.","इतनी दूर धूप में चलने से मैं थक गया हूँ।","of","","by","","from","","No improvement","","A","The fixed expression is ""tired of,"" which means exhausted or fed up because of an activity or situation.","निश्चित अभिव्यक्ति ""थका हुआ"" है, जिसका अर्थ है किसी गतिविधि या स्थिति के कारण थका हुआ या तंग आ जाना।"
"SSC CGL Tier 1","English Comprehension","Sentence improvement","Sentence improvement","Sentence Improvement","Hard","MCQ","2","0.5","Detailed dynamic reports are preparing by the analysis team this week.","इस सप्ताह विश्लेषण टीम द्वारा विस्तृत गतिशील रिपोर्ट तैयार की जा रही है।","are being prepared","","have prepared","","is preparing","","No improvement","","A","The reports receive the action rather than perform it. Therefore, the sentence requires the Present Continuous Passive Voice form: ""are being prepared.""","रिपोर्टें कार्रवाई करने के बजाय कार्रवाई प्राप्त करती हैं। इसलिए, वाक्य को प्रेजेंट कंटीन्यूअस पैसिव वॉइस फॉर्म की आवश्यकता है: ""तैयार किए जा रहे हैं।"""
"SSC CGL Tier 1","English Comprehension","Sentence improvement","Sentence improvement","Sentence Improvement","Hard","MCQ","2","0.5","He didn't know the answer, did he?","उसे उत्तर नहीं पता था क्या?","didn't he?","","does he?","","was he?","","No improvement","","D","A negative statement takes a positive question tag. Since the sentence is negative (""didn't know""), the correct tag is ""did he.""","एक नकारात्मक कथन एक सकारात्मक प्रश्न टैग लेता है। चूँकि वाक्य नकारात्मक है (""पता नहीं""), सही टैग ""क्या उसने किया"" है।"
"SSC CGL Tier 1","English Comprehension","Sentence improvement","Sentence improvement","Sentence Improvement","Hard","MCQ","2","0.5","Every man and every woman have the right to express their opinion.","हर पुरुष और हर महिला को अपनी राय व्यक्त करने का अधिकार है।","has","","are having","","have had","","No improvement","","A","When singular nouns are preceded by ""every"" and joined by ""and,"" they take a singular verb.","जब एकवचन संज्ञाओं के पहले ""हर"" आता है और ""और"" जुड़ता है, तो वे एकवचन क्रिया लेते हैं।"
"SSC CGL Tier 1","English Comprehension","Sentence improvement","Sentence improvement","Sentence Improvement","Hard","MCQ","2","0.5","It is high time we start saving money for our future expenses.","अब समय आ गया है कि हम अपने भविष्य के खर्चों के लिए पैसे बचाना शुरू करें।","started","","will start","","have started","","No improvement","","A","Expressions such as ""It is high time"" are followed by a verb in the past subjunctive form (V2).","""यह सही समय है"" जैसे भावों के बाद भूतकाल के उपवाक्य रूप (V2) में एक क्रिया आती है।"
"SSC CGL Tier 1","English Comprehension","Sentence improvement","Sentence improvement","Sentence Improvement","Hard","MCQ","2","0.5","Although he studied thoroughly, but he failed to secure the top rank.","हालाँकि उन्होंने गहन अध्ययन किया, लेकिन वे शीर्ष रैंक हासिल करने में असफल रहे।","yet","","still","","and","","No improvement","","A","""Although"" and ""but"" should not be used together. ""Although"" may be followed by ""yet,"" or the sentence can simply continue without ""but.""","""यद्यपि"" और ""लेकिन"" का प्रयोग एक साथ नहीं किया जाना चाहिए। ""यद्यपि"" के बाद ""अभी तक"" लगाया जा सकता है, या वाक्य ""लेकिन"" के बिना भी जारी रह सकता है।"
"SSC CGL Tier 1","English Comprehension","Sentence improvement","Sentence improvement","Sentence Improvement","Hard","MCQ","2","0.5","If he had informed me earlier, I will have picked him up from the airport.","अगर उसने मुझे पहले बताया होता तो मैं उसे एयरपोर्ट से ले लेता.","would have","","will be","","had","","No improvement","","A","This is a third conditional sentence. If the ""if-clause"" contains ""had + V3,"" the main clause should take ""would have + V3.""","यह तीसरा सशर्त वाक्य है. यदि ""यदि-खंड"" में ""था + V3"" है, तो मुख्य उपवाक्य में ""होगा + V3"" होना चाहिए।"
"SSC CGL Tier 1","English Comprehension","Sentence improvement","Sentence improvement","Sentence Improvement","Hard","MCQ","2","0.5","By this time next year, she will complete her post-graduation degree.","अगले साल इस समय तक वह अपनी पोस्ट-ग्रेजुएशन की डिग्री पूरी कर लेंगी।","will be completing","","will have completed","","completes","","No improvement","","B","The phrase ""By this time next year"" indicates that an action will be completed before a specific future time. Therefore, the Future Perfect Tense is required.","वाक्यांश ""अगले वर्ष इस समय तक"" इंगित करता है कि एक कार्य एक विशिष्ट भविष्य के समय से पहले पूरा हो जाएगा। इसलिए, भविष्य पूर्ण काल ​​की आवश्यकता है।"
"SSC CGL Tier 1","English Comprehension","Sentence improvement","Sentence improvement","Sentence Improvement","Hard","MCQ","2","0.5","I have seen him yesterday at the shopping mall but he didn't see me.","मैंने उसे कल शॉपिंग मॉल में देखा था लेकिन उसने मुझे नहीं देखा।","saw","","had seen","","am seeing","","No improvement","","A","""Yesterday"" is a definite past time marker, so the Simple Past Tense should be used instead of the Present Perfect Tense.","""कल"" एक निश्चित भूतकाल का सूचक है, इसलिए वर्तमान पूर्ण काल ​​के स्थान पर सरल भूत काल का उपयोग किया जाना चाहिए।"
"SSC CGL Tier 1","English Comprehension","Sentence improvement","Sentence improvement","Sentence Improvement","Hard","MCQ","2","0.5","Suppose if you are selected for the post, which city would you prefer?","मान लीजिए यदि आपको इस पद के लिए चुना जाता है, तो आप कौन सा शहर पसंद करेंगे?","Supposing if","","If suppose","","If","","No improvement","","C","""Suppose"" and ""if"" convey the same meaning. Using both together creates redundancy.","""मान लीजिए"" और ""यदि"" एक ही अर्थ बताते हैं। दोनों का एक साथ उपयोग करने से अतिरेक उत्पन्न होता है।"
"SSC CGL Tier 1","English Comprehension","Sentence improvement","Sentence improvement","Sentence Improvement","Medium","MCQ","2","0.5","The water in the river is flowing over the danger mark since last evening.","कल शाम से ही नदी का पानी खतरे के निशान से ऊपर बह रहा है.","flows","","has been flowing","","was flowing","","No improvement","","B","The phrase ""since last evening"" indicates an action that began in the past and continues into the present, requiring the Present Perfect Continuous Tense.","वाक्यांश ""पिछली शाम से"" एक ऐसी कार्रवाई को इंगित करता है जो अतीत में शुरू हुई और वर्तमान में जारी है, जिसके लिए वर्तमान पूर्ण निरंतर काल की आवश्यकता होती है।"
"SSC CGL Tier 1","English Comprehension","Sentence improvement","Sentence improvement","Sentence Improvement","Medium","MCQ","2","0.5","He has had his lunch an hour ago.","उसने एक घंटे पहले ही दोपहर का खाना खा लिया है.","had","","has","","have had","","No improvement","","A","""An hour ago"" refers to a definite time in the past, so the Simple Past Tense should be used instead of the Present Perfect Tense.","""एक घंटा पहले"" अतीत में एक निश्चित समय को संदर्भित करता है, इसलिए वर्तमान पूर्ण काल ​​के बजाय सरल अतीत काल का उपयोग किया जाना चाहिए।"
"SSC CGL Tier 1","English Comprehension","Sentence improvement","Sentence improvement","Sentence Improvement","Medium","MCQ","2","0.5","I wish I am the Prime Minister of this country to solve unemployment.","काश मैं बेरोजगारी दूर करने वाला इस देश का प्रधानमंत्री होता.","was","","have been","","were","","No improvement","","C","Sentences beginning with ""I wish"" express unreal or imaginary situations, and ""were"" is used for all subjects in such cases.","""काश"" से शुरू होने वाले वाक्य अवास्तविक या काल्पनिक स्थितियों को व्यक्त करते हैं, और ऐसे मामलों में सभी विषयों के लिए ""थे"" का उपयोग किया जाता है।"
"SSC CGL Tier 1","English Comprehension","Sentence improvement","Sentence improvement","Sentence Improvement","Medium","MCQ","2","0.5","She is having a luxurious car and a big house in Delhi.","उनके पास दिल्ली में एक शानदार कार और एक बड़ा घर है।","has","","owns having","","is possessing","","No improvement","","A","""Have"" is a stative verb when showing possession and is generally not used in continuous forms.","कब्ज़ा दिखाते समय ""है"" एक मूल क्रिया है और आम तौर पर निरंतर रूपों में इसका उपयोग नहीं किया जाता है।"
"SSC CGL Tier 1","English Comprehension","Sentence improvement","Sentence improvement","Sentence Improvement","Medium","MCQ","2","0.5","No sooner did the thief see the police then he took to his heels.","जैसे ही चोर ने पुलिस को देखा तो वह भाग खड़ा हुआ।","when","","than","","before","","No improvement","","B","The correlative conjunction ""No sooner"" is always followed by ""than.""","सहसंबद्ध संयोजन ""अभी नहीं"" के बाद हमेशा ""से"" आता है।"
"SSC CGL Tier 1","English Comprehension","Sentence improvement","Sentence improvement","Sentence Improvement","Medium","MCQ","2","0.5","If I will win the lottery, I will buy a new house for my parents.","अगर मैं लॉटरी जीतूंगा तो अपने माता-पिता के लिए एक नया घर खरीदूंगा।","win","","won","","would win","","No improvement","","A","In the First Conditional, the if-clause takes the Simple Present Tense, while the main clause takes the Simple Future Tense.","प्रथम सशर्त में, यदि-खंड सरल वर्तमान काल लेता है, जबकि मुख्य खंड सरल भविष्य काल लेता है।"
"SSC CGL Tier 1","English Comprehension","Sentence improvement","Sentence improvement","Sentence Improvement","Medium","MCQ","2","0.5","The train left the station before we arrived there.","हमारे वहां पहुंचने से पहले ट्रेन स्टेशन से निकल गई।","had left","","has left","","was leaving","","No improvement","","A","When two actions occurred in the past, the action completed earlier takes the Past Perfect Tense.","जब दो क्रियाएं अतीत में हुईं, तो पहले पूरी की गई क्रिया पास्ट परफेक्ट टेंस लेती है।"
"SSC CGL Tier 1","English Comprehension","Sentence improvement","Sentence improvement","Sentence Improvement","Medium","MCQ","2","0.5","I am looking forward to receive your reply soon.","मैं शीघ्र ही आपका उत्तर पाने की आशा कर रहा हूँ।","receiving","","received","","be receiving","","No improvement","","A","""Look forward to"" is followed by a gerund because ""to"" functions as a preposition in this expression.","""आगे देखो"" के बाद गेरुंड आता है क्योंकि ""टू"" इस अभिव्यक्ति में पूर्वसर्ग के रूप में कार्य करता है।"
"SSC CGL Tier 1","English Comprehension","Sentence improvement","Sentence improvement","Sentence Improvement","Easy","MCQ","2","0.5","He is working in this company for the past ten years.","वह पिछले दस साल से इस कंपनी में काम कर रहे हैं।","works","","has been working","","was working","","No improvement","","B","The duration phrase ""for the past ten years"" requires the Present Perfect Continuous Tense.","अवधि वाक्यांश ""पिछले दस वर्षों से"" के लिए वर्तमान पूर्ण सतत काल की आवश्यकता होती है।"
"SSC CGL Tier 1","English Comprehension","Sentence improvement","Sentence improvement","Sentence Improvement","Easy","MCQ","2","0.5","The custom has been hard to root out because it is centuries old.","इस प्रथा को जड़ से उखाड़ना कठिन है क्योंकि यह सदियों पुरानी है।","been hard to root up","","hard rooted out","","been deeply rooted","","No improvement","","D","""Root out"" is a phrasal verb meaning to eliminate something completely. The sentence is already correct.","""रूट आउट"" एक वाक्यांश क्रिया है जिसका अर्थ है किसी चीज़ को पूरी तरह से ख़त्म करना। वाक्य पहले से ही सही है."
"SSC CGL Tier 1","English Comprehension","Sentence improvement","Sentence improvement","Sentence Improvement","Easy","MCQ","2","0.5","It is raining heavily since morning, so the match was called off.","सुबह से ही भारी बारिश हो रही है, इसलिए मैच रद्द कर दिया गया.","had been raining","","has been raining","","rained","","No improvement","","A","Since the cancellation of the match is described in the past, the ongoing action before that point should be expressed in the Past Perfect Continuous Tense.","चूंकि मैच को रद्द करने का वर्णन अतीत में किया गया है, इसलिए उस बिंदु से पहले चल रही कार्रवाई को पास्ट परफेक्ट कंटीन्यूअस टेंस में व्यक्त किया जाना चाहिए।"
"SSC CGL Tier 1","English Comprehension","Sentence improvement","Sentence improvement","Sentence Improvement","Easy","MCQ","2","0.5","She told me that she will go to Mumbai the next day.","उसने मुझसे कहा कि वह अगले दिन मुंबई जायेगी.","would go","","shall go","","goes","","No improvement","","A","In indirect speech, if the reporting verb is in the past tense, ""will"" changes to ""would.""","अप्रत्यक्ष भाषण में, यदि रिपोर्टिंग क्रिया भूतकाल में है, तो ""इच्छा"" ""होगा"" में बदल जाती है।"
"SSC CGL Tier 1","English Comprehension","Sentence improvement","Sentence improvement","Sentence Improvement","Easy","MCQ","2","0.5","He is discrete while discussing confidential matters with clients.","ग्राहकों के साथ गोपनीय मामलों पर चर्चा करते समय वह विवेकशील रहते हैं।","discreet","","desecrate","","discrete choice","","No improvement","","A","""Discrete"" means separate or distinct, whereas ""discreet"" means careful and tactful. The context requires ""discreet.""","""विवेकशील"" का अर्थ है अलग या अलग, जबकि ""विवेकशील"" का अर्थ है सावधान और चतुर। संदर्भ के लिए ""विवेकपूर्ण"" की आवश्यकता है।"
"SSC CGL Tier 1","English Comprehension","Sentence improvement","Sentence improvement","Sentence Improvement","Medium","MCQ","2","0.5","You had better to consult a doctor before the condition worsens.","बेहतर होगा कि स्थिति बिगड़ने से पहले आप डॉक्टर से सलाह लें।","consult","","consulting","","consulted","","No improvement","","A","Expressions such as ""had better,"" ""would rather,"" and ""let"" are followed by the bare infinitive without ""to.""","""बेहतर था,"" ""बल्कि,"" और ""चलो"" जैसे भावों के बाद ""टू"" के बिना नंगे इन्फिनिटिव आते हैं।"
"SSC CGL Tier 1","English Comprehension","Sentence improvement","Sentence improvement","Sentence Improvement","Medium","MCQ","2","0.5","The dynamic leader succeeded to capture the attention of the youth.","गतिशील नेता युवाओं का ध्यान खींचने में सफल रहे।","succeeded in capturing","","succeeded to capturing","","succeeded for capture","","No improvement","","A","The verb ""succeed"" is followed by the preposition ""in,"" and the verb after a preposition takes the gerund form.","क्रिया ""सफल"" के बाद पूर्वसर्ग ""इन"" आता है और पूर्वसर्ग के बाद क्रिया गेरुंड रूप लेती है।"
"SSC CGL Tier 1","English Comprehension","Sentence improvement","Sentence improvement","Sentence Improvement","Medium","MCQ","2","0.5","When we reached the stadium, the players already started warming up.","जब हम स्टेडियम पहुंचे तो खिलाड़ियों ने वॉर्मअप करना शुरू कर दिया था।","already started","","had already started","","have already started","","No improvement","","B","The action of warming up occurred before we reached the stadium, so the Past Perfect Tense is required.","हमारे स्टेडियम पहुंचने से पहले वार्मअप की क्रिया हुई, इसलिए पास्ट परफेक्ट टेंस की आवश्यकता है।"
"SSC CGL Tier 1","English Comprehension","Sentence improvement","Sentence improvement","Sentence Improvement","Medium","MCQ","2","0.5","My brother does not smoke, nor he drinks.","मेरा भाई न तो धूम्रपान करता है और न ही शराब पीता है।","nor does he drink","","neither he drinks","","nor he does drink","","No improvement","","A","Clauses beginning with ""nor"" require inversion, where the auxiliary verb comes before the subject.","""न"" से शुरू होने वाले उपवाक्यों में व्युत्क्रम की आवश्यकता होती है, जहां सहायक क्रिया विषय से पहले आती है।"
"SSC CGL Tier 1","English Comprehension","Sentence improvement","Sentence improvement","Sentence Improvement","Medium","MCQ","2","0.5","If I was you, I would never accept such a demotion.","यदि मैं आप होता, तो ऐसी अवनति कभी स्वीकार नहीं करता।","am you","","had been you","","were you","","No improvement","","C","In hypothetical or unreal conditional sentences, ""were"" is used instead of ""was.""","काल्पनिक या अवास्तविक सशर्त वाक्यों में, ""था"" के स्थान पर ""थे"" का प्रयोग किया जाता है।"
"SSC CGL Tier 1","English Comprehension","Sentence improvement","Sentence improvement","Sentence Improvement","Medium","MCQ","2","0.5","The scheme has lapsed due to lack of adequate government funding.","पर्याप्त सरकारी धन की कमी के कारण योजना समाप्त हो गई है।","is lapsed","","lapsed","","was lapsed","","No improvement","","D","The Present Perfect structure ""has lapsed"" is correctly used to indicate that the scheme has come to an end.","प्रेजेंट परफेक्ट संरचना ""व्यपगत हो गई है"" का उपयोग यह इंगित करने के लिए सही ढंग से किया जाता है कि योजना समाप्त हो गई है।"
"SSC CGL Tier 1","English Comprehension","Sentence improvement","Sentence improvement","Sentence Improvement","Medium","MCQ","2","0.5","He denied to assist me in finishing the official paperwork.","उन्होंने आधिकारिक कागजी कार्रवाई पूरी करने में मेरी सहायता करने से इनकार कर दिया।","refused to assist","","denied assisting","","refused assisting","","No improvement","","A","""Refuse"" is followed by the infinitive form (to + verb) when declining a request. ""Deny"" is generally used to reject an accusation or admit not doing something.","किसी अनुरोध को अस्वीकार करते समय ""मना करें"" के बाद इनफिनिटिव फॉर्म (टू + वर्ब) आता है। ""इनकार"" का प्रयोग आम तौर पर किसी आरोप को अस्वीकार करने या कुछ न करने की बात स्वीकार करने के लिए किया जाता है।"
"SSC CGL Tier 1","English Comprehension","Sentence improvement","Sentence improvement","Sentence Improvement","Medium","MCQ","2","0.5","I lay in bed all day yesterday suffering from a severe migraine.","मैं गंभीर माइग्रेन से पीड़ित होकर कल पूरे दिन बिस्तर पर लेटा रहा।","lied","","laid","","lain","","No improvement","","D","The past tense of ""lie"" (to recline) is ""lay."" Since the sentence refers to yesterday, ""lay"" is correctly used.","""झूठ"" (झुकना) का भूतकाल ""लेटना"" है। चूँकि वाक्य कल को संदर्भित करता है, ""ले"" का सही उपयोग किया गया है।"
"SSC CGL Tier 1","English Comprehension","Sentence improvement","Sentence improvement","Sentence Improvement","Medium","MCQ","2","0.5","Either the manager or his subordinates is responsible for this massive data breach.","इस बड़े पैमाने पर डेटा उल्लंघन के लिए या तो प्रबंधक या उसके अधीनस्थ जिम्मेदार हैं।","are","","was","","has been","","No improvement","","A","In structures using ""either...or"" and ""neither...nor,"" the verb agrees with the subject nearest to it. ""Subordinates"" is plural, so ""are"" is correct.","""या तो...या"" और ""न तो...न"" का उपयोग करने वाली संरचनाओं में क्रिया अपने निकटतम विषय से सहमत होती है। ""अधीनस्थ"" बहुवचन है, इसलिए ""हैं"" सही है।"
"SSC CGL Tier 1","English Comprehension","Sentence improvement","Sentence improvement","Sentence Improvement","Medium","MCQ","2","0.5","The furniture in this newly built apartment are made of high-quality teak wood.","इस नवनिर्मित अपार्टमेंट में फर्नीचर उच्च गुणवत्ता वाले सागौन की लकड़ी से बने हैं।","were","","is","","have been","","No improvement","","B","""Furniture"" is an uncountable noun and always takes a singular verb.","""फर्नीचर"" एक अनगिनत संज्ञा है और हमेशा एक विलक्षण क्रिया लेता है।"
"SSC CGL Tier 1","English Comprehension","Sentence improvement","Sentence improvement","Sentence Improvement","Medium","MCQ","2","0.5","One of the student from our batch has cleared the UPSC civil services exam.","हमारे बैच के एक छात्र ने यूपीएससी सिविल सेवा परीक्षा उत्तीर्ण की है।","students","","student's","","students'","","No improvement","","A","The correct structure is ""One of + plural noun + singular verb.""","सही संरचना है ""+बहुवचन संज्ञा+एकवचन क्रिया में से एक।"""
"SSC CGL Tier 1","English Comprehension","Sentence improvement","Sentence improvement","Sentence Improvement","Medium","MCQ","2","0.5","Between you and I, I don't think this strategy will yield any profit.","आपके और मेरे बीच, मुझे नहीं लगता कि इस रणनीति से कोई लाभ होगा।","me","","myself","","we","","No improvement","","A","Pronouns following prepositions must be in the objective case. Therefore, ""me"" is correct after ""between.""","पूर्वसर्गों के बाद आने वाले सर्वनाम वस्तुनिष्ठ मामले में होने चाहिए। इसलिए, ""बीच"" के बाद ""मैं"" सही है।"
"SSC CGL Tier 1","English Comprehension","Sentence improvement","Sentence improvement","Sentence Improvement","Medium","MCQ","2","0.5","Two-thirds of the book were ruined by the leakage in the roof.","छत में रिसाव के कारण किताब का दो-तिहाई हिस्सा बर्बाद हो गया।","was","","are","","have been","","No improvement","","A","When a fraction refers to a singular or uncountable noun, it takes a singular verb.","जब भिन्न एकवचन या अगणनीय संज्ञा को संदर्भित करता है, तो यह एकवचन क्रिया लेता है।"
"SSC CGL Tier 1","English Comprehension","Sentence improvement","Sentence improvement","Sentence Improvement","Medium","MCQ","2","0.5","Each of the participants were given a certificate of appreciation.","प्रत्येक प्रतिभागी को प्रशंसा प्रमाण पत्र दिया गया।","was given","","are given","","have been given","","No improvement","","A","Expressions such as ""each of"" take singular verbs because they refer to individuals separately.","""प्रत्येक"" जैसे भाव एकवचन क्रिया लेते हैं क्योंकि वे व्यक्तियों को अलग-अलग संदर्भित करते हैं।"
"SSC CGL Tier 1","English Comprehension","Sentence improvement","Sentence improvement","Sentence Improvement","Medium","MCQ","2","0.5","This is the same laptop which my father gifted me on my birthday.","यह वही लैपटॉप है जो मेरे पिता ने मुझे मेरे जन्मदिन पर उपहार में दिया था।","who","","that","","whom","","No improvement","","B","After expressions such as ""the same,"" ""the only,"" and superlatives, the relative pronoun ""that"" is preferred.","""वही,"" ""एकमात्र,"" और अतिशयोक्ति जैसे भावों के बाद, सापेक्ष सर्वनाम ""वह"" को प्राथमिकता दी जाती है।"
"SSC CGL Tier 1","English Comprehension","Sentence improvement","Sentence improvement","Sentence Improvement","Medium","MCQ","2","0.5","Scarcely he had finished his speech when the audience broke into applause.","उन्होंने अपना भाषण ख़त्म ही किया था कि दर्शक तालियाँ बजाने लगे।","he finished","","had he finished","","did he finished","","No improvement","","B","Negative adverbs placed at the beginning of a sentence require inversion of the auxiliary verb and subject.","वाक्य की शुरुआत में रखे गए नकारात्मक क्रियाविशेषणों के लिए सहायक क्रिया और विषय के व्युत्क्रम की आवश्यकता होती है।"
"SSC CGL Tier 1","English Comprehension","Sentence improvement","Sentence improvement","Sentence Improvement","Medium","MCQ","2","0.5","The sceneries of Kashmir are absolutely breathtaking and mesmerizing.","कश्मीर के दृश्य बिल्कुल मनमोहक और मंत्रमुग्ध कर देने वाले हैं।","scenery of Kashmir is","","sceneries of Kashmir is","","scenery of Kashmir are","","No improvement","","A","""Scenery"" is an uncountable noun and does not have a plural form. It takes a singular verb.","""दृश्यावली"" एक बेशुमार संज्ञा है और इसका कोई बहुवचन रूप नहीं है। यह एक विलक्षण क्रिया लेता है।"
"SSC CGL Tier 1","English Comprehension","Sentence improvement","Sentence improvement","Sentence Improvement","Medium","MCQ","2","0.5","He solved the mathematical puzzle more quicker than his classmate.","उन्होंने अपने सहपाठी की तुलना में गणितीय पहेली को अधिक तेजी से हल किया।","more quickly","","quicker","","much quickly","","No improvement","","A","The verb ""solved"" should be modified by an adverb. The correct comparative form is ""more quickly."" Double comparatives such as ""more quicker"" are incorrect.","क्रिया ""समाधान"" को क्रियाविशेषण द्वारा संशोधित किया जाना चाहिए। सही तुलनात्मक रूप ""अधिक तेज़ी से"" है। ""अधिक तेज़"" जैसी दोहरी तुलनाएँ ग़लत हैं।"
"SSC CGL Tier 1","English Comprehension","Sentence improvement","Sentence improvement","Sentence Improvement","Medium","MCQ","2","0.5","Whom do you think are going to win the man of the match award today?","आपके अनुसार आज मैन ऑफ द मैच का पुरस्कार किसे मिलने वाला है?","Who","","Whose","","Which","","No improvement","","A","The verb ""are going to win"" requires a subject pronoun. ""Who"" is used as a subject, whereas ""whom"" is used as an object.","क्रिया ""जीतने जा रहे हैं"" के लिए विषय सर्वनाम की आवश्यकता होती है। ""कौन"" का प्रयोग एक विषय के रूप में किया जाता है, जबकि ""किस"" का प्रयोग एक वस्तु के रूप में किया जाता है।"
"SSC CGL Tier 1","English Comprehension","Sentence improvement","Sentence improvement","Sentence Improvement","Medium","MCQ","2","0.5","Economics are considered a tough subject by many competitive exam aspirants.","कई प्रतियोगी परीक्षा के उम्मीदवारों द्वारा अर्थशास्त्र को एक कठिन विषय माना जाता है।","is","","were","","have been","","No improvement","","A","Names of subjects such as Economics, Mathematics, and Physics appear plural but are treated as singular and take singular verbs.","अर्थशास्त्र, गणित और भौतिकी जैसे विषयों के नाम बहुवचन में दिखाई देते हैं लेकिन उन्हें एकवचन माना जाता है और एकवचन क्रियाएँ ली जाती हैं।"
"SSC CGL Tier 1","English Comprehension","Sentence improvement","Sentence improvement","Sentence Improvement","Medium","MCQ","2","0.5","It was him who stood by me during my financial crisis.","वह ही थे जो मेरे वित्तीय संकट के दौरान मेरे साथ खड़े रहे।","he","","himself","","his","","No improvement","","A","After expressions like ""It is"" or ""It was,"" the pronoun should be in the subjective case. Therefore, ""he"" is correct.","""यह है"" या ""यह था"" जैसी अभिव्यक्तियों के बाद सर्वनाम व्यक्तिपरक मामले में होना चाहिए। इसलिए, ""वह"" सही है।"
"SSC CGL Tier 1","English Comprehension","Sentence improvement","Sentence improvement","Sentence Improvement","Medium","MCQ","2","0.5","My sister-in-laws have invited us to celebrate the festival together.","मेरी भाभियों ने हमें एक साथ त्योहार मनाने के लिए आमंत्रित किया है।","sister-in-law's have","","sisters-in-law have","","sisters-in-laws have","","No improvement","","B","In compound nouns, the principal word takes the plural form. Therefore, the plural of ""sister-in-law"" is ""sisters-in-law.""","संयुक्त संज्ञा में मुख्य शब्द बहुवचन रूप लेता है। अतः ""भाभी"" का बहुवचन ""भाभियाँ"" है।"
"SSC CGL Tier 1","English Comprehension","Sentence improvement","Sentence improvement","Sentence Improvement","Medium","MCQ","2","0.5","Neither of the two candidates were found suitable for the executive profile.","दोनों में से कोई भी उम्मीदवार कार्यकारी प्रोफ़ाइल के लिए उपयुक्त नहीं पाया गया।","was","","are","","have been","","No improvement","","A","""Neither of"" is treated as singular and therefore requires a singular verb.","""इनमें से कुछ भी नहीं"" को एकवचन माना जाता है और इसलिए एकवचन क्रिया की आवश्यकता होती है।"
"SSC CGL Tier 1","English Comprehension","Sentence improvement","Sentence improvement","Sentence Improvement","Medium","MCQ","2","0.5","The cattle is grazing peacefully in the green pasture down the valley.","घाटी के नीचे हरे चरागाह में मवेशी शांति से चर रहे हैं।","are","","was","","has been","","No improvement","","A","""Cattle"" is a collective noun used in a plural sense and always takes a plural verb.","""मवेशी"" एक सामूहिक संज्ञा है जिसका प्रयोग बहुवचन अर्थ में किया जाता है और यह सदैव बहुवचन क्रिया लेती है।"
"SSC CGL Tier 1","English Comprehension","Sentence improvement","Sentence improvement","Sentence Improvement","Medium","MCQ","2","0.5","The jury were unanimous in its final decision regarding the verdict.","फैसले के संबंध में जूरी अपने अंतिम निर्णय में एकमत थी।","was unanimous in their","","was unanimous in its","","were unanimous in their","","No improvement","","B","When a collective noun acts as a single unit and expresses unanimity, it takes a singular verb and singular pronoun.","जब कोई समूहवाचक संज्ञा एक इकाई के रूप में कार्य करती है और एकमतता व्यक्त करती है, तो वह एकवचन क्रिया और एकवचन सर्वनाम लेती है।"
"SSC CGL Tier 1","English Comprehension","Sentence improvement","Sentence improvement","Sentence Improvement","Medium","MCQ","2","0.5","He behaves as if he knows everything about quantum astrophysics.","वह ऐसा व्यवहार करता है मानो वह क्वांटम खगोल भौतिकी के बारे में सब कुछ जानता हो।","knew","","had known","","has known","","No improvement","","A","""As if"" and ""as though"" expressing unreal situations are followed by the past subjunctive form.","अवास्तविक स्थितियों को व्यक्त करने वाले ""मानो"" और ""मानो"" के बाद भूतपूर्व उपवाक्य रूप आता है।"
"SSC CGL Tier 1","English Comprehension","Sentence improvement","Sentence improvement","Sentence Improvement","Medium","MCQ","2","0.5","I bought two dozens bananas from the local street vendor.","मैंने स्थानीय स्ट्रीट वेंडर से दो दर्जन केले खरीदे।","dozen bananas","","dozens banana","","dozen banana","","No improvement","","A","After definite numerals such as two, three, and four, words like dozen, hundred, and thousand remain singular, while the following noun remains plural.","दो, तीन और चार जैसे निश्चित अंकों के बाद, दर्जन, सौ और हजार जैसे शब्द एकवचन रहते हैं, जबकि निम्नलिखित संज्ञा बहुवचन रहती है।"
"SSC CGL Tier 1","English Comprehension","Sentence improvement","Sentence improvement","Sentence Improvement","Medium","MCQ","2","0.5","This is the boy whom I know saved the drowning child yesterday.","यह वही लड़का है जिसके बारे में मैं जानता हूं कि उसने कल डूबते हुए बच्चे को बचाया था।","who","","which","","whose","","No improvement","","A","The relative pronoun functions as the subject of the verb ""saved,"" so ""who"" is required instead of ""whom.""","सापेक्ष सर्वनाम क्रिया ""बचाया"" के विषय के रूप में कार्य करता है, इसलिए ""किसके"" के बजाय ""कौन"" आवश्यक है।"
"SSC CGL Tier 1","English Comprehension","Sentence improvement","Sentence improvement","Sentence Improvement","Medium","MCQ","2","0.5","Five thousand rupees are a large sum for a poor laborer to arrange.","एक गरीब मजदूर के लिए पांच हजार रुपये की व्यवस्था करना बहुत बड़ी रकम है।","is","","were","","have been","","No improvement","","A","A sum of money, distance, weight, or period considered as a single unit takes a singular verb.","धन, दूरी, वजन या अवधि का योग एक इकाई के रूप में माना जाता है जो एकवचन क्रिया लेता है।"
"SSC CGL Tier 1","English Comprehension","Sentence improvement","Sentence improvement","Sentence Improvement","Medium","MCQ","2","0.5","Every student should submit their assignment before Friday evening.","प्रत्येक छात्र को अपना असाइनमेंट शुक्रवार शाम से पहले जमा करना होगा।","his","","there","","our","","No improvement","","A","""Every student"" is singular; therefore, according to traditional grammar rules, it should take a singular possessive pronoun.","""प्रत्येक विद्यार्थी"" एकवचन है; इसलिए, पारंपरिक व्याकरण नियमों के अनुसार, इसे एकवचन अधिकारवाचक सर्वनाम लेना चाहिए।"
"SSC CGL Tier 1","English Comprehension","Sentence improvement","Sentence improvement","Sentence Improvement","Medium","MCQ","2","0.5","The quality of these mangoes are not up to the export standards.","इन आमों की गुणवत्ता निर्यात मानकों के अनुरूप नहीं है।","is","","were","","have been","","No improvement","","A","The real subject of the sentence is ""The quality,"" which is singular and requires a singular verb.","वाक्य का वास्तविक विषय ""गुणवत्ता"" है, जो एकवचन है और इसके लिए एकवचन क्रिया की आवश्यकता होती है।"
"SSC CGL Tier 1","English Comprehension","Sentence improvement","Sentence improvement","Sentence Improvement","Medium","MCQ","2","0.5","He is one of those men who does not compromise on moral principles.","वह उन व्यक्तियों में से एक हैं जो नैतिक सिद्धांतों से समझौता नहीं करते।","do","","is doing","","has done","","No improvement","","A","The relative pronoun ""who"" refers to ""men,"" which is plural; therefore, the plural verb ""do"" should be used.","सापेक्ष सर्वनाम ""कौन"" ""पुरुषों"" को संदर्भित करता है, जो बहुवचन है; इसलिए, बहुवचन क्रिया ""करो"" का प्रयोग किया जाना चाहिए।"
"SSC CGL Tier 1","English Comprehension","Sentence improvement","Sentence improvement","Sentence Improvement","Medium","MCQ","2","0.5","My scissors is missing from the study table drawer.","स्टडी टेबल की दराज से मेरी कैंची गायब है।","are","","was","","has been","","No improvement","","A","Nouns such as scissors, trousers, spectacles, and tongs are plural in form and take plural verbs. However, ""a pair of scissors"" takes a singular verb.","कैंची, पतलून, चश्मा और चिमटा जैसी संज्ञाएँ बहुवचन रूप में होती हैं और बहुवचन क्रियाएँ लेती हैं। हालाँकि, ""कैंची की एक जोड़ी"" एक विलक्षण क्रिया है।"
"SSC CGL Tier 1","English Comprehension","Sentence improvement","Sentence improvement","Sentence Improvement","Medium","MCQ","2","0.5","Of the two smart variants, this smartphone is the best option.","दोनों स्मार्ट वेरिएंट में से यह स्मार्टफोन सबसे अच्छा विकल्प है।","better","","most best","","good","","No improvement","","A","When comparing only two persons or things, the Comparative Degree is used. The Superlative Degree is used when comparing more than two.","केवल दो व्यक्तियों या वस्तुओं की तुलना करते समय तुलनात्मक डिग्री का उपयोग किया जाता है। दो से अधिक की तुलना करते समय सुपरलेटिव डिग्री का उपयोग किया जाता है।"
"SSC CGL Tier 1","English Comprehension","Sentence improvement","Sentence improvement","Sentence Improvement","Medium","MCQ","2","0.5","He is enough wise to understand the cunning political trap.","वह धूर्त राजनीतिक जाल को समझने के लिए पर्याप्त बुद्धिमान हैं।","wise enough","","more wise enough","","wisest enough","","No improvement","","A","The adverb ""enough"" is placed after the adjective it modifies. Therefore, the correct structure is ""adjective + enough.""","क्रियाविशेषण ""पर्याप्त"" को उस विशेषण के बाद रखा जाता है जिसे वह संशोधित करता है। इसलिए, सही संरचना ""विशेषण + पर्याप्त"" है।"
"SSC CGL Tier 1","English Comprehension","Sentence improvement","Sentence improvement","Sentence Improvement","Medium","MCQ","2","0.5","She was so infuriated that she slammed the cabin door heavy.","वह इतनी गुस्से में थी कि उसने केबिन के दरवाजे को जोर से पटक दिया।","heavily","","heaviness","","more heavy","","No improvement","","A","The verb ""slammed"" should be modified by an adverb, not an adjective. Hence, ""heavily"" is the correct choice.","क्रिया ""थपथपाई"" को क्रियाविशेषण द्वारा संशोधित किया जाना चाहिए, न कि विशेषण द्वारा। अतः, ""भारी"" सही विकल्प है।"
"SSC CGL Tier 1","English Comprehension","Sentence improvement","Sentence improvement","Sentence Improvement","Medium","MCQ","2","0.5","This task is preferable than the one assigned to me last week.","यह कार्य पिछले सप्ताह मुझे सौंपे गए कार्य से बेहतर है।","preferable to","","more preferable than","","preferable over","","No improvement","","A","The adjective ""preferable"" is followed by the preposition ""to,"" not ""than."" It should not be preceded by ""more.""","विशेषण ""बेहतर"" के बाद ""से,"" नहीं ""से"" पूर्वसर्ग आता है। इसके पहले ""अधिक"" नहीं होना चाहिए।"
"SSC CGL Tier 1","English Comprehension","Sentence improvement","Sentence improvement","Sentence Improvement","Medium","MCQ","2","0.5","The climate of Bengaluru is much better than Delhi.","बेंगलुरु की जलवायु दिल्ली से काफी बेहतर है.","than that of Delhi","","than Delhi's climate","","than those of Delhi","","No improvement","","A","Comparisons should be made between similar entities. The climate of Bengaluru should be compared with the climate of Delhi, not with the city itself.","समान संस्थाओं के बीच तुलना की जानी चाहिए। बेंगलुरु की जलवायु की तुलना दिल्ली की जलवायु से की जानी चाहिए, शहर से नहीं।"
"SSC CGL Tier 1","English Comprehension","Sentence improvement","Sentence improvement","Sentence Improvement","Medium","MCQ","2","0.5","He ran as fastly as he could to catch the last metro train.","आखिरी मेट्रो ट्रेन पकड़ने के लिए वह जितनी तेजी से दौड़ सकता था दौड़ा।","as fast as","","so fastly as","","fast enough as","","No improvement","","A","""Fast"" functions as both an adjective and an adverb. The word ""fastly"" is incorrect in standard English.","""तेज"" विशेषण और क्रियाविशेषण दोनों के रूप में कार्य करता है। मानक अंग्रेजी में ""फास्टली"" शब्द गलत है।"
"SSC CGL Tier 1","English Comprehension","Sentence improvement","Sentence improvement","Sentence Improvement","Medium","MCQ","2","0.5","I cannot cope up with this tremendous working pressure anymore.","मैं अब इस जबरदस्त कामकाजी दबाव का सामना नहीं कर सकता।","cope up","","cope with","","cope forward with","","No improvement","","B","The correct idiomatic expression is ""cope with,"" which means to deal successfully with a difficult situation.","सही मुहावरेदार अभिव्यक्ति है ""सामना करना"", जिसका अर्थ है किसी कठिन परिस्थिति से सफलतापूर्वक निपटना।"
"SSC CGL Tier 1","English Comprehension","Sentence improvement","Sentence improvement","Sentence Improvement","Medium","MCQ","2","0.5","The aggressive dog was angry on the postman who entered the gate.","आक्रामक कुत्ता गेट में प्रवेश करने वाले पोस्टमैन पर क्रोधित था।","angry with","","angry at","","angry to","","No improvement","","A","""Angry with"" is used when referring to a person, whereas ""angry at"" is generally used for situations or things.","किसी व्यक्ति का जिक्र करते समय ""क्रोधित"" का उपयोग किया जाता है, जबकि ""क्रोधित"" का प्रयोग आम तौर पर स्थितियों या चीजों के लिए किया जाता है।"
"SSC CGL Tier 1","English Comprehension","Sentence improvement","Sentence improvement","Sentence Improvement","Medium","MCQ","2","0.5","He abstained from voting in the local municipal elections.","उन्होंने स्थानीय नगर निगम चुनाव में मतदान से परहेज किया।","to vote","","against voting","","from to vote","","No improvement","","D","The verb ""abstain"" is correctly followed by the preposition ""from"" and a gerund form of the verb.","क्रिया ""परहेज"" का सही ढंग से पूर्वसर्ग ""से"" और क्रिया के गेरुंड रूप का अनुसरण किया जाता है।"
"SSC CGL Tier 1","English Comprehension","Sentence improvement","Sentence improvement","Sentence Improvement","Medium","MCQ","2","0.5","She is the most unique singer I have ever heard in live concerts.","वह सबसे अनोखी गायिका है जिसे मैंने कभी लाइव कॉन्सर्ट में सुना है।","a unique","","most unique","","very unique","","No improvement","","A","Adjectives such as ""unique,"" ""perfect,"" and ""complete"" express absolute qualities and generally do not take comparative or superlative forms.","""अद्वितीय,"" ""उत्तम,"" और ""पूर्ण"" जैसे विशेषण निरपेक्ष गुणों को व्यक्त करते हैं और आम तौर पर तुलनात्मक या उत्कृष्ट रूप नहीं लेते हैं।"
"SSC CGL Tier 1","English Comprehension","Sentence improvement","Sentence improvement","Sentence Improvement","Medium","MCQ","2","0.5","He has hardly some money left in his bank account after the premium payment.","प्रीमियम भुगतान के बाद उनके बैंक खाते में मुश्किल से कुछ पैसे बचे हैं।","hardly any","","nearly some","","hardly no","","No improvement","","A","Words such as ""hardly,"" ""barely,"" and ""scarcely"" carry a negative sense and are followed by ""any,"" not ""some.""","""शायद ही,"" ""मुश्किल से,"" और ""शायद ही"" जैसे शब्द नकारात्मक अर्थ रखते हैं और उनके बाद ""कोई"" आता है, ""कुछ"" नहीं।"
"SSC CGL Tier 1","English Comprehension","Sentence improvement","Sentence improvement","Sentence Improvement","Medium","MCQ","2","0.5","No other metal is as useful than iron in heavy industrial manufacturing.","भारी औद्योगिक विनिर्माण में लोहे से अधिक उपयोगी कोई अन्य धातु नहीं है।","as useful as","","more useful as","","so useful than","","No improvement","","A","The correct structure for positive degree comparison is ""as + adjective + as.""","सकारात्मक डिग्री तुलना के लिए सही संरचना ""जैसा + विशेषण + जैसा"" है।"
"SSC CGL Tier 1","English Comprehension","Sentence improvement","Sentence improvement","Sentence Improvement","Medium","MCQ","2","0.5","He is too intelligent that he cannot be fooled easily by online scammers.","वह इतना बुद्धिमान है कि उसे ऑनलाइन घोटालेबाज आसानी से मूर्ख नहीं बना सकते।","so intelligent that he cannot","","too intelligent to","","intelligent enough that he cannot","","No improvement","","A","The structure ""so + adjective + that + clause"" is used to express cause and result. ""Too...to"" requires an infinitive rather than a clause.","""तो + विशेषण + वह + उपवाक्य"" संरचना का प्रयोग कारण और परिणाम को व्यक्त करने के लिए किया जाता है। ""टू...टू"" के लिए एक उपवाक्य के बजाय एक इनफिनिटिव की आवश्यकता होती है।"
"SSC CGL Tier 1","English Comprehension","Sentence improvement","Sentence improvement","Sentence Improvement","Medium","MCQ","2","0.5","The dynamic young officer was invested with the power of magistrate.","गतिशील युवा अधिकारी को मजिस्ट्रेट की शक्ति प्रदान की गई थी।","in","","by","","for","","No improvement","","D","The expression ""invested with"" means to formally confer authority, power, or responsibility upon someone. The sentence is grammatically correct.","अभिव्यक्ति ""के साथ निवेश"" का अर्थ औपचारिक रूप से किसी को अधिकार, शक्ति या जिम्मेदारी प्रदान करना है। वाक्य व्याकरणिक दृष्टि से सही है."
"SSC CGL Tier 1","English Comprehension","Sentence improvement","Sentence improvement","Sentence Improvement","Medium","MCQ","2","0.5","If I will go to Delhi, I will bring your books.","मैं दिल्ली जाऊँगा तो आपकी किताबें लाऊँगा।","go","","would go","","went","","No improvement","","A","In the First Conditional, the if-clause takes the Simple Present Tense, while the main clause takes the Simple Future Tense.","प्रथम सशर्त में, यदि-खंड सरल वर्तमान काल लेता है, जबकि मुख्य खंड सरल भविष्य काल लेता है।"
"SSC CGL Tier 1","English Comprehension","Sentence improvement","Sentence improvement","Sentence Improvement","Medium","MCQ","2","0.5","The standard of living in India is lower than England.","भारत में जीवन स्तर इंग्लैण्ड से निम्न है।","than that of England","","than those of England","","to England","","No improvement","","A","The comparison is between the standard of living in India and the standard of living in England. ""That of"" avoids repetition of the singular noun.","तुलना भारत में जीवन स्तर और इंग्लैंड में जीवन स्तर के बीच है। ""वह"" एकवचन संज्ञा की पुनरावृत्ति से बचाता है।"
"SSC CGL Tier 1","English Comprehension","Sentence improvement","Sentence improvement","Sentence Improvement","Medium","MCQ","2","0.5","Neither the principal nor the lecturers was present in the meeting.","बैठक में न तो प्राचार्य उपस्थित थे और न ही व्याख्याता।","were","","is","","have","","No improvement","","A","In ""Neither...nor"" constructions, the verb agrees with the subject nearest to it. Since ""lecturers"" is plural, ""were"" is correct.","""न तो... न ही"" निर्माण में, क्रिया अपने निकटतम विषय से सहमत होती है। चूँकि ""व्याख्याता"" बहुवचन है, ""थे"" सही है।"
"SSC CGL Tier 1","English Comprehension","Sentence improvement","Sentence improvement","Sentence Improvement","Medium","MCQ","2","0.5","He did not know how to solve the problem, and neither I did.","वह नहीं जानता था कि समस्या का समाधान कैसे किया जाए, और न ही मैं जानता था।","neither did I","","neither I do","","either did I","","No improvement","","A","Negative agreement requires inversion after ""neither,"" placing the auxiliary verb before the subject.","नकारात्मक समझौते के लिए सहायक क्रिया को विषय से पहले रखने पर ""कुछ भी नहीं"" के बाद उलटाव की आवश्यकता होती है।"
"SSC CGL Tier 1","English Comprehension","Sentence improvement","Sentence improvement","Sentence Improvement","Medium","MCQ","2","0.5","The criminal was hung to death this morning.","आज सुबह अपराधी को फाँसी पर लटका दिया गया।","hanged","","hang","","hanging","","No improvement","","A","""Hanged"" is used when referring to execution by hanging, whereas ""hung"" is used for suspending objects.","""हैंग्ड"" का उपयोग फांसी द्वारा निष्पादन का संदर्भ देते समय किया जाता है, जबकि ""हैंग्ड"" का उपयोग वस्तुओं को निलंबित करने के लिए किया जाता है।"
"SSC CGL Tier 1","English Comprehension","Sentence improvement","Sentence improvement","Sentence Improvement","Medium","MCQ","2","0.5","She is having a luxurious car and a big house in Mumbai.","उनके पास मुंबई में एक शानदार कार और एक बड़ा घर है।","has","","owns had","","possesses having","","No improvement","","A","Stative verbs expressing possession are generally not used in continuous forms.","स्वामित्व को व्यक्त करने वाली मूल क्रियाओं का प्रयोग आमतौर पर निरंतर रूपों में नहीं किया जाता है।"
"SSC CGL Tier 1","English Comprehension","Sentence improvement","Sentence improvement","Sentence Improvement","Medium","MCQ","2","0.5","My brother-in-laws who live in London have come to visit us.","लंदन में रहने वाले मेरे भाई-भाभी हमसे मिलने आए हैं।","brothers-in-law","","brother-in-law's","","brothers-in-laws","","No improvement","","A","In compound nouns, the principal word takes the plural form.","संयुक्त संज्ञा में मुख्य शब्द बहुवचन रूप लेता है।"
"SSC CGL Tier 1","English Comprehension","Sentence improvement","Sentence improvement","Sentence Improvement","Medium","MCQ","2","0.5","I am working on this research project since January.","मैं जनवरी से इस शोध परियोजना पर काम कर रहा हूं।","have been working","","was working","","had worked","","No improvement","","A","Since an action started in the past and continues to the present, the Present Perfect Continuous Tense is required.","चूँकि कोई क्रिया अतीत में शुरू हुई और वर्तमान तक जारी रहती है, वर्तमान पूर्ण सतत काल की आवश्यकता होती है।"
"SSC CGL Tier 1","English Comprehension","Sentence improvement","Sentence improvement","Sentence Improvement","Medium","MCQ","2","0.5","No sooner had he finished his speech when the audience started clapping.","जैसे ही उन्होंने अपना भाषण ख़त्म किया, दर्शकों ने तालियाँ बजाना शुरू कर दिया।","than","","then","","before","","No improvement","","A","""No sooner"" is always paired with ""than.""","""नो जल्दी"" को हमेशा ""से"" के साथ जोड़ा जाता है।"
"SSC CGL Tier 1","English Comprehension","Sentence improvement","Sentence improvement","Sentence Improvement","Medium","MCQ","2","0.5","Many a students have failed the physical endurance test.","कई छात्र शारीरिक सहनशक्ति परीक्षण में असफल हो गए हैं।","student has","","students has","","student have","","No improvement","","A","""Many a"" is followed by a singular noun and a singular verb.","""अनेक"" के बाद एकवचन संज्ञा और एकवचन क्रिया आती है।"
"SSC CGL Tier 1","English Comprehension","Sentence improvement","Sentence improvement","Sentence Improvement","Medium","MCQ","2","0.5","He is too weak that he cannot walk without support.","वह इतना कमजोर है कि बिना सहारे के चल नहीं सकता।","to","","so that he cannot","","so weak to","","No improvement","","A","The correct structure is ""too + adjective + to + verb.""","सही संरचना ""टू + विशेषण + से + क्रिया"" है।"
"SSC CGL Tier 1","English Comprehension","Sentence improvement","Sentence improvement","Sentence Improvement","Medium","MCQ","2","0.5","She handles all tasks with carefully.","वह सभी कार्यों को सावधानी से निपटाती है।","carefully","","with care","","with carefulness","","No improvement","","A","The verb should be modified by an adverb. ""Carefully"" is the appropriate form.","क्रिया को क्रियाविशेषण द्वारा संशोधित किया जाना चाहिए। ""सावधानीपूर्वक"" उपयुक्त रूप है."
"SSC CGL Tier 1","English Comprehension","Sentence improvement","Sentence improvement","Sentence Improvement","Medium","MCQ","2","0.5","You must avail yourself of this golden opportunity.","आपको इस सुनहरे अवसर का अवश्य लाभ उठाना चाहिए।","avail of","","avail yourself","","avail to","","No improvement","","D","The correct expression is ""avail oneself of,"" which requires a reflexive pronoun followed by ""of.""","सही अभिव्यक्ति है ""अपने आप का लाभ उठाएं"", जिसके लिए एक रिफ्लेक्टिव सर्वनाम की आवश्यकता होती है जिसके बाद ""का"" आता है।"
"SSC CGL Tier 1","English Comprehension","Sentence improvement","Sentence improvement","Sentence Improvement","Medium","MCQ","2","0.5","The weather of Mussoorie conduces for good health.","मसूरी का मौसम अच्छे स्वास्थ्य के लिए अनुकूल है।","conduces to","","conduces with","","conduces at","","No improvement","","A","The verb ""conduce"" is followed by the preposition ""to.""","क्रिया ""conduce"" के बाद पूर्वसर्ग ""to"" आता है।"
"SSC CGL Tier 1","English Comprehension","Sentence improvement","Sentence improvement","Sentence Improvement","Medium","MCQ","2","0.5","Suppose if you are selected, which city would you prefer?","मान लीजिए यदि आपका चयन हो जाए तो आप कौन सा शहर पसंद करेंगे?","Suppose you are","","If suppose you are","","Supposing if you are","","No improvement","","A","""Suppose"" and ""if"" convey the same meaning, so using both together is redundant.","""मान लीजिए"" और ""यदि"" एक ही अर्थ बताते हैं, इसलिए दोनों का एक साथ उपयोग करना अनावश्यक है।"
"SSC CGL Tier 1","English Comprehension","Sentence improvement","Sentence improvement","Sentence Improvement","Medium","MCQ","2","0.5","He is the most cleverest boy in our class.","वह हमारी कक्षा का सबसे चतुर लड़का है।","cleverest","","more cleverer","","most clever","","No improvement","","A","""Cleverest"" is already a superlative form. Using ""most"" creates an incorrect double superlative.","""चतुरतम"" पहले से ही एक उत्कृष्ट रूप है। ""अधिकांश"" का उपयोग करने से एक गलत दोहरा अतिशयोक्ति बन जाता है।"
"SSC CGL Tier 1","English Comprehension","Sentence improvement","Sentence improvement","Sentence Improvement","Medium","MCQ","2","0.5","The short-circuit caused a major damage to the server room.","शॉर्ट-सर्किट से सर्वर रूम को भारी नुकसान पहुंचा।","major damage","","major damages","","a major damages","","No improvement","","A","""Damage"" is an uncountable noun in this context and does not take the article ""a.""","इस संदर्भ में ""नुकसान"" एक बेशुमार संज्ञा है और लेख ""ए"" नहीं लेता है।"
"SSC CGL Tier 1","English Comprehension","Sentence improvement","Sentence improvement","Sentence Improvement","Medium","MCQ","2","0.5","Unless you do not apologize, you will be suspended.","जब तक आप माफ़ी नहीं मांगेंगे, आपको निलंबित कर दिया जाएगा.","apologize","","will apologize","","did not apologize","","No improvement","","A","""Unless"" already implies negation, so an additional negative form is unnecessary.","""जब तक"" पहले से ही निषेध का तात्पर्य नहीं है, इसलिए एक अतिरिक्त नकारात्मक रूप अनावश्यक है।"
"SSC CGL Tier 1","English Comprehension","Sentence improvement","Sentence improvement","Sentence Improvement","Medium","MCQ","2","0.5","I bought two dozens bananas from the local vendor.","मैंने स्थानीय विक्रेता से दो दर्जन केले खरीदे।","two dozen bananas","","two dozen banana","","two dozens banana","","No improvement","","A","After definite numerals, words such as dozen, hundred, and thousand remain singular.","निश्चित अंकों के बाद दर्जन, सौ और हजार जैसे शब्द एकवचन ही रहते हैं।"
"SSC CGL Tier 1","English Comprehension","Sentence improvement","Sentence improvement","Sentence Improvement","Medium","MCQ","2","0.5","The manager disposed off the old files within an hour.","प्रबंधक ने एक घंटे के अंदर पुरानी फाइलों का निस्तारण कर दिया।","disposed of","","dispose away","","disposed with","","No improvement","","A","The correct phrasal verb is ""dispose of,"" meaning to get rid of something.","सही वाक्यांश क्रिया ""निपटान"" है, जिसका अर्थ है किसी चीज़ से छुटकारा पाना।"
"SSC CGL Tier 1","English Comprehension","Sentence improvement","Sentence improvement","Sentence Improvement","Medium","MCQ","2","0.5","Let you and I complete this assignment together.","आइए आप और मैं मिलकर इस कार्य को पूरा करें।","me","","myself","","we","","No improvement","","A","""Let"" is followed by objective pronouns such as me, him, her, and us.","""चलो"" के बाद मैं, वह, वह और हम जैसे वस्तुनिष्ठ सर्वनाम आते हैं।"
"SSC CGL Tier 1","English Comprehension","Sentence improvement","Sentence improvement","Sentence Improvement","Medium","MCQ","2","0.5","It is high time you take up a serious job.","अब समय आ गया है कि आप कोई गंभीर कार्य करें।","took","","taken","","have taken","","No improvement","","A","The expression ""It is high time"" is followed by a verb in the past subjunctive form (V2).","अभिव्यक्ति ""यह सही समय है"" के बाद भूतकाल के उपवाक्य रूप (V2) में एक क्रिया आती है।"
"SSC CGL Tier 1","English Comprehension","Sentence improvement","Sentence improvement","Sentence Improvement","Medium","MCQ","2","0.5","Bread and butter are a wholesome breakfast for athletes.","एथलीटों के लिए ब्रेड और मक्खन एक पौष्टिक नाश्ता है।","is","","were","","have been","","No improvement","","A","When two nouns together express a single idea or one item, they take a singular verb.","जब दो संज्ञाएँ मिलकर एक विचार या एक वस्तु को व्यक्त करती हैं तो वे एक विलक्षण क्रिया लेती हैं।"
"SSC CGL Tier 1","English Comprehension","Sentence improvement","Sentence improvement","Sentence Improvement","Medium","MCQ","2","0.5","The custom officer scarcely entered the room than the lights went out.","कस्टम अधिकारी जैसे ही कमरे में दाखिल हुआ तभी लाइट बुझ गई।","had scarcely entered the room when","","scarcely had entered the room than","","scarcely entered the room then","","No improvement","","A","""Scarcely"" is commonly used with the Past Perfect Tense and is followed by ""when.""","""स्केर्सली"" का प्रयोग आमतौर पर पास्ट परफेक्ट टेंस के साथ किया जाता है और इसके बाद ""कब"" आता है।"
"SSC CGL Tier 1","English Comprehension","Sentence improvement","Sentence improvement","Sentence Improvement","Medium","MCQ","2","0.5","This is the most unique piece of art I have ever seen.","यह कला का सबसे अनोखा नमूना है जो मैंने कभी देखा है।","a unique","","unique","","the unique","","No improvement","","B","""Unique"" is an absolute adjective and does not normally take comparative or superlative forms.","""अद्वितीय"" एक पूर्ण विशेषण है और सामान्यतः यह तुलनात्मक या अतिशयोक्तिपूर्ण रूप नहीं लेता है।"
"SSC CGL Tier 1","English Comprehension","Sentence improvement","Sentence improvement","Sentence Improvement","Medium","MCQ","2","0.5","He is good in Mathematics but weak in English.","वह गणित में अच्छा है लेकिन अंग्रेजी में कमजोर है।","good at","","good with","","good into","","No improvement","","A","The correct expression for being skilled in a subject or activity is ""good at.""","किसी विषय या गतिविधि में कुशल होने की सही अभिव्यक्ति ""अच्छा"" है।"
"SSC CGL Tier 1","English Comprehension","Sentence improvement","Sentence improvement","Sentence Improvement","Medium","MCQ","2","0.5","The committee were unanimous in its decision.","समिति अपने निर्णय में एकमत थी।","was","","have been","","are","","No improvement","","A","A collective noun expressing a unified opinion takes a singular verb and singular pronoun.","किसी एकीकृत मत को व्यक्त करने वाली समूहवाचक संज्ञा एकवचन क्रिया और एकवचन सर्वनाम लेती है।"
"SSC CGL Tier 1","English Comprehension","Sentence improvement","Sentence improvement","Sentence Improvement","Medium","MCQ","2","0.5","Each of the participants were given a certificate.","प्रत्येक प्रतिभागी को प्रमाण पत्र दिया गया।","was","","are","","have been","","No improvement","","A","Expressions such as ""each of"" take singular verbs because they refer to individuals separately.","""प्रत्येक"" जैसे भाव एकवचन क्रिया लेते हैं क्योंकि वे व्यक्तियों को अलग-अलग संदर्भित करते हैं।"
"SSC CGL Tier 1","English Comprehension","Sentence improvement","Sentence improvement","Sentence Improvement","Medium","MCQ","2","0.5","The news of the plane crash are shocking.","विमान हादसे की खबरें चौंकाने वाली हैं.","is","","were","","have been","","No improvement","","A","""News"" is singular in form and meaning and therefore takes a singular verb.","""समाचार"" रूप और अर्थ में एकवचन है और इसलिए एकवचन क्रिया लेता है।"
"SSC CGL Tier 1","English Comprehension","Sentence improvement","Sentence improvement","Sentence Improvement","Medium","MCQ","2","0.5","He walked fast lest he should not miss the train.","वह तेजी से चला कि कहीं ट्रेन न छूट जाए।","should","","would not","","might not","","No improvement","","A","""Lest"" itself conveys a negative meaning and is followed by ""should"" without ""not.""","""ऐसा न हो कि"" अपने आप में एक नकारात्मक अर्थ व्यक्त करता है और इसके बाद ""नहीं"" के बिना ""चाहिए"" आता है।"
"SSC CGL Tier 1","English Comprehension","Sentence improvement","Sentence improvement","Sentence Improvement","Medium","MCQ","2","0.5","One should perform his duty sincerely.","व्यक्ति को अपना कर्तव्य ईमानदारी से निभाना चाहिए।","one's","","their","","her","","No improvement","","A","When the subject is ""one,"" the corresponding possessive pronoun should be ""one's.""","जब विषय ""एक"" है, तो संबंधित अधिकारवाचक सर्वनाम ""एक का"" होना चाहिए।"
"SSC CGL Tier 1","English Comprehension","Sentence improvement","Sentence improvement","Sentence Improvement","Medium","MCQ","2","0.5","I look forward to receive your reply soon.","मैं शीघ्र ही आपका उत्तर पाने की आशा रखता हूँ।","receiving","","received","","be receiving","","No improvement","","A","The phrase ""look forward to"" is followed by a gerund because ""to"" functions as a preposition.","वाक्यांश ""आगे देखो"" के बाद गेरुंड आता है क्योंकि ""करना"" एक पूर्वसर्ग के रूप में कार्य करता है।"
"SSC CGL Tier 1","English Comprehension","Sentence improvement","Sentence improvement","Sentence Improvement","Medium","MCQ","2","0.5","The master severe punished the servant for breaking the vase.","फूलदान तोड़ने पर स्वामी ने नौकर को कड़ी सजा दी।","severely punished","","severe punish","","punishing severely","","No improvement","","A","The verb should be modified by an adverb. Therefore, ""severely"" is required instead of the adjective ""severe.""","क्रिया को क्रियाविशेषण द्वारा संशोधित किया जाना चाहिए। इसलिए, विशेषण ""गंभीर"" के बजाय ""गंभीरता से"" आवश्यक है।"
"SSC CGL Tier 1","English Comprehension","Sentence improvement","Sentence improvement","Sentence Improvement","Medium","MCQ","2","0.5","She prefers tea than coffee in the morning.","वह सुबह कॉफी से ज्यादा चाय पसंद करती हैं।","to","","over","","rather than","","No improvement","","A","The verb ""prefer"" is followed by the preposition ""to.""","क्रिया ""पसंद"" के बाद पूर्वसर्ग ""को"" आता है।"
"SSC CGL Tier 1","English Comprehension","Sentence improvement","Sentence improvement","Sentence Improvement","Medium","MCQ","2","0.5","The Scenery of Kashmir are very beautiful.","कश्मीर के नज़ारे बेहद खूबसूरत हैं.","sceneries of Kashmir are","","scenery of Kashmir is","","scenery of Kashmir were","","No improvement","","B","""Scenery"" is an uncountable noun and takes a singular verb.","""दृश्यावली"" एक अगणनीय संज्ञा है और एक विलक्षण क्रिया लेती है।"
"SSC CGL Tier 1","English Comprehension","Sentence improvement","Sentence improvement","Sentence Improvement","Medium","MCQ","2","0.5","Hard work is the key for success.","कड़ी मेहनत ही सफलता की कुंजी है.","key to","","key of","","key in","","No improvement","","A","The fixed expression is ""the key to success.""","निश्चित अभिव्यक्ति ""सफलता की कुंजी"" है।"
"SSC CGL Tier 1","English Comprehension","Sentence improvement","Sentence improvement","Sentence Improvement","Medium","MCQ","2","0.5","He has completed his graduation in 2022.","उन्होंने 2022 में अपनी ग्रेजुएशन पूरी की है.","completed his graduation","","had completed his graduation","","was completing graduation","","No improvement","","A","A definite past time expression requires the Simple Past Tense rather than the Present Perfect Tense.","एक निश्चित भूत काल की अभिव्यक्ति के लिए वर्तमान पूर्ण काल ​​की बजाय सरल भूत काल की आवश्यकता होती है।"
"SSC CGL Tier 1","English Comprehension","Sentence improvement","Sentence improvement","Sentence Improvement","Medium","MCQ","2","0.5","I cannot agree with your proposal.","मैं आपके प्रस्ताव से सहमत नहीं हो सकता.","to","","on","","at","","No improvement","","A","We ""agree with"" a person but ""agree to"" a proposal, suggestion, or plan.","हम किसी व्यक्ति से ""सहमत"" हैं लेकिन किसी प्रस्ताव, सुझाव या योजना से ""सहमत"" हैं।"
"SSC CGL Tier 1","English Comprehension","Sentence improvement","Sentence improvement","Sentence Improvement","Medium","MCQ","2","0.5","Being a rainy day, I decided to stay indoors.","बरसात का दिन होने के कारण, मैंने घर के अंदर ही रहने का फैसला किया।","It being a rainy day, I decided to stay","","As it being a rainy day, I decided to stay","","Since a rainy day, I decided to stay","","No improvement","","A","The original sentence contains a dangling participle. The introductory phrase requires its own logical subject, ""It.""","मूल वाक्य में एक लटकता हुआ कृदंत है। परिचयात्मक वाक्यांश के लिए अपने स्वयं के तार्किक विषय की आवश्यकता होती है, ""यह।"""
"SSC CGL Tier 1","English Comprehension","Sentence improvement","Sentence improvement","Sentence Improvement","Medium","MCQ","2","0.5","They left the hotel with bag and baggage.","वे बैग और सामान लेकर होटल से निकल गए।","bag and baggage","","with bags and baggages","","by bag and baggage","","No improvement","","A","""Bag and baggage"" is a fixed idiomatic expression, and adding ""with"" before it is unnecessary.","""बैग और सामान"" एक निश्चित मुहावरेदार अभिव्यक्ति है, और इसके पहले ""साथ"" जोड़ना अनावश्यक है।"
"SSC CGL Tier 1","English Comprehension","Sentence improvement","Sentence improvement","Sentence Improvement","Medium","MCQ","2","0.5","If he had studied hard, he would pass the exam.","यदि उसने मन लगाकर पढ़ाई की होती तो वह परीक्षा में उत्तीर्ण हो जाता।","would have passed","","will pass","","passed","","No improvement","","A","The Third Conditional follows the pattern: If + Past Perfect, would have + past participle.","तीसरी शर्त पैटर्न का अनुसरण करती है: यदि + पास्ट परफेक्ट, तो + पास्ट पार्टिकलर होगा।"
"SSC CGL Tier 1","English Comprehension","Sentence improvement","Sentence improvement","Sentence Improvement","Medium","MCQ","2","0.5","The click of the cameras distracted the batsman.","कैमरे की क्लिक ने बल्लेबाज का ध्यान भटका दिया.","distracts","","distract","","was distracting","","No improvement","","D","The singular subject ""click"" correctly takes the Simple Past verb ""distracted.""","एकवचन विषय ""क्लिक"" सही ढंग से सरल अतीत क्रिया ""विचलित"" लेता है।"
"SSC CGL Tier 1","English Comprehension","Sentence improvement","Sentence improvement","Sentence Improvement","Medium","MCQ","2","0.5","No sooner did I opened the door than the cat ran out.","जैसे ही मैंने दरवाज़ा खोला, बिल्ली बाहर भाग गई।","open","","opens","","had opened","","No improvement","","A","After auxiliary verbs such as ""did,"" the base form of the verb is used.","""किया"" जैसी सहायक क्रियाओं के बाद क्रिया के मूल रूप का उपयोग किया जाता है।"
"SSC CGL Tier 1","English Comprehension","Sentence improvement","Sentence improvement","Sentence Improvement","Medium","MCQ","2","0.5","The performance of our team was much better than expected.","हमारी टीम का प्रदर्शन उम्मीद से कहीं बेहतर रहा.","more better","","very better","","the best","","No improvement","","D","""Much better"" is a correct way to emphasize a comparative adjective. ""More better"" is incorrect.","""बहुत बेहतर"" तुलनात्मक विशेषण पर जोर देने का एक सही तरीका है। ""और बेहतर"" ग़लत है."
"SSC CGL Tier 1","English Comprehension","Sentence improvement","Sentence improvement","Sentence Improvement","Medium","MCQ","2","0.5","Both the sisters are not going to the party.","दोनों बहनें पार्टी में नहीं जा रही हैं.","Neither of the sisters is","","None of the sisters are","","Both sisters are refusing","","No improvement","","A","To express a negative idea involving two people, ""neither of"" with a singular verb is preferred.","दो लोगों से जुड़े एक नकारात्मक विचार को व्यक्त करने के लिए, एकवचन क्रिया के साथ ""दोनों में से कोई नहीं"" को प्राथमिकता दी जाती है।"
"SSC CGL Tier 1","English Comprehension","Sentence improvement","Sentence improvement","Sentence Improvement","Medium","MCQ","2","0.5","The fire spread across the building but fortunately everyone could escape.","आग पूरी इमारत में फैल गई लेकिन सौभाग्य से सभी लोग बच निकलने में सफल रहे।","was able to","","might","","can","","No improvement","","A","""Was able to"" is often preferred for describing successful completion of a specific action in the past.","अतीत में किसी विशिष्ट कार्य के सफल समापन का वर्णन करने के लिए अक्सर ""सक्षम था"" को प्राथमिकता दी जाती है।"
"SSC CGL Tier 1","English Comprehension","Sentence improvement","Sentence improvement","Sentence Improvement","Medium","MCQ","2","0.5","Many a man have lost everything in gambling.","कई लोग जुए में अपना सब कुछ हार चुके हैं।","has lost everything","","have lose everything","","has lose everything","","No improvement","","A","""Many a"" is followed by a singular noun and a singular verb.","""अनेक"" के बाद एकवचन संज्ञा और एकवचन क्रिया आती है।"
"SSC CGL Tier 1","English Comprehension","Sentence improvement","Sentence improvement","Sentence Improvement","Medium","MCQ","2","0.5","He behaves as if he is the owner of the company.","वह ऐसे व्यवहार करता है मानो वह कंपनी का मालिक हो।","were","","was","","has been","","No improvement","","A","Unreal or hypothetical situations introduced by ""as if"" take the past subjunctive form ""were.""","""मानो"" द्वारा प्रस्तुत अवास्तविक या काल्पनिक स्थितियाँ अतीत के वशीभूत रूप ""थे"" लेती हैं।"
"SSC CGL Tier 1","English Comprehension","Sentence improvement","Sentence improvement","Sentence Improvement","Medium","MCQ","2","0.5","Beside his parents, his uncle was also present at the function.","समारोह में उनके माता-पिता के अलावा उनके चाचा भी मौजूद थे।","Besides his parents","","Beside of his parents","","By beside his parents","","No improvement","","A","""Besides"" means ""in addition to,"" whereas ""beside"" means ""next to.""","""अतिरिक्त"" का अर्थ है ""अतिरिक्त"", जबकि ""बगल"" का अर्थ है ""बगल में।"""
"SSC CGL Tier 1","English Comprehension","Sentence improvement","Sentence improvement","Sentence Improvement","Medium","MCQ","2","0.5","The climate of Chennai is hotter than Bangalore.","चेन्नई की जलवायु बैंगलोर से अधिक गर्म है।","than that of Bangalore","","than those of Bangalore","","to Bangalore","","No improvement","","A","The comparison should be between the climates of the two cities, not between a climate and a city.","तुलना दो शहरों की जलवायु के बीच होनी चाहिए, न कि एक जलवायु और एक शहर के बीच।"
"SSC CGL Tier 1","English Comprehension","Sentence improvement","Sentence improvement","Sentence Improvement","Medium","MCQ","2","0.5","He is senior and older than all other employees in this office.","वह इस कार्यालय के अन्य सभी कर्मचारियों से वरिष्ठ और बड़े हैं।","senior to and older than","","senior than and older than","","senior to and old than","","No improvement","","A","""Senior"" is followed by ""to,"" while ""older"" is followed by ""than."" Each adjective must take its correct preposition.","""वरिष्ठ"" के बाद ""से"" आता है, जबकि ""वरिष्ठ"" के बाद ""से"" आता है। प्रत्येक विशेषण को अपना सही पूर्वसर्ग लेना चाहिए।"
"SSC CGL Tier 1","English Comprehension","Sentence improvement","Sentence improvement","Sentence Improvement","Medium","MCQ","2","0.5","My friend is habituated to smoke after dinner.","मेरे दोस्त को रात के खाने के बाद धूम्रपान करने की आदत है।","to smoking","","with smoking","","for smoking","","No improvement","","A","Expressions such as ""habituated to,"" ""accustomed to,"" and ""used to"" are followed by a gerund (verb + ing form).","""आदत,"" ""आदी,"" और ""आदत"" जैसे भावों के बाद गेरुंड (क्रिया + आईएनजी रूप) लगाया जाता है।"
"SSC CGL Tier 1","English Comprehension","Sentence improvement","Sentence improvement","Sentence Improvement","Medium","MCQ","2","0.5","No sooner the thief saw the police than he took to his heels.","जैसे ही चोर ने पुलिस को देखा तो वह भाग खड़ा हुआ।","No sooner did the thief see","","No sooner had the thief saw","","No sooner the thief had seen","","No improvement","","A","Sentences beginning with ""No sooner"" require inversion. The auxiliary verb comes before the subject, and ""did"" is followed by the base form of the verb.","""अभी नहीं"" से शुरू होने वाले वाक्यों में उलटाव की आवश्यकता होती है। सहायक क्रिया कर्ता से पहले आती है, और क्रिया के मूल रूप के बाद ""किया"" आता है।"
"SSC CGL Tier 1","English Comprehension","Sentence improvement","Sentence improvement","Sentence Improvement","Medium","MCQ","2","0.5","She is the prettiest of the two sisters.","वह दोनों बहनों में सबसे खूबसूरत है।","prettier of the two sisters","","prettiest between the two sisters","","more pretty of the two sisters","","No improvement","","A","When comparing only two persons or things, the comparative degree should be used instead of the superlative degree.","केवल दो व्यक्तियों या चीज़ों की तुलना करते समय अतिशयोक्ति डिग्री के स्थान पर तुलनात्मक डिग्री का उपयोग किया जाना चाहिए।"
"SSC CGL Tier 1","English Comprehension","Sentence improvement","Sentence improvement","Sentence Improvement","Medium","MCQ","2","0.5","I would rather die to beg.","मैं भीख माँगने के लिए मरना पसंद करूँगा।","than beg","","than begging","","to begging","","No improvement","","A","The correct structure is ""would rather + base verb + than + base verb.""","सही संरचना है ""बल्कि + आधार क्रिया + बजाय + आधार क्रिया।"""
"SSC CGL Tier 1","English Comprehension","Sentence improvement","Sentence improvement","Sentence Improvement","Medium","MCQ","2","0.5","The teacher asked the student why was he late.","शिक्षक ने छात्र से पूछा कि वह देर से क्यों आया।","why he was late","","why he is late","","that why he was late","","No improvement","","A","In indirect speech, interrogative sentences change into assertive word order, placing the subject before the verb.","अप्रत्यक्ष भाषण में, प्रश्नवाचक वाक्य क्रिया से पहले विषय को रखते हुए, मुखर शब्द क्रम में बदल जाते हैं।"
"SSC CGL Tier 1","English Comprehension","Sentence improvement","Sentence improvement","Sentence Improvement","Medium","MCQ","2","0.5","He has not seen his parents since two years.","उसने दो साल से अपने माता-पिता को नहीं देखा है.","for two years","","from two years","","before two years","","No improvement","","A","""For"" is used to indicate a duration of time, whereas ""since"" refers to a specific point in time.","""के लिए"" का उपयोग समय की अवधि को इंगित करने के लिए किया जाता है, जबकि ""चूंकि"" समय में एक विशिष्ट बिंदु को संदर्भित करता है।"
"SSC CGL Tier 1","English Comprehension","Sentence improvement","Sentence improvement","Sentence Improvement","Medium","MCQ","2","0.5","The match had started before we reached the stadium.","हमारे स्टेडियम पहुंचने से पहले ही मैच शुरू हो चुका था.","reach","","had reached","","have reached","","No improvement","","D","The earlier past action takes the Past Perfect Tense, while the later action takes the Simple Past Tense.","पहले वाली पिछली क्रिया को पूर्ण भूतकाल कहा जाता है, जबकि बाद की क्रिया को सरल भूतकाल कहा जाता है।"
"SSC CGL Tier 1","English Comprehension","Sentence improvement","Sentence improvement","Sentence Improvement","Medium","MCQ","2","0.5","The news are true; I heard it on the radio.","खबरें सच हैं; मैंने इसे रेडियो पर सुना।","is true","","were true","","have been true","","No improvement","","A","""News"" is an uncountable noun and always takes a singular verb.","""समाचार"" एक अगणनीय संज्ञा है और हमेशा एक ही क्रिया लेती है।"
"SSC CGL Tier 1","English Comprehension","Sentence improvement","Sentence improvement","Sentence Improvement","Medium","MCQ","2","0.5","You cannot bypass the rules, can you?","आप नियमों को दरकिनार नहीं कर सकते, है ना?","can't you?","","do you?","","will you?","","No improvement","","D","A negative statement requires a positive question tag. The given tag is correct.","एक नकारात्मक कथन के लिए एक सकारात्मक प्रश्न टैग की आवश्यकता होती है। दिया गया टैग सही है."
"SSC CGL Tier 1","English Comprehension","Sentence improvement","Sentence improvement","Sentence Improvement","Medium","MCQ","2","0.5","He is enough wise to understand your tricks.","वह आपकी चालों को समझने के लिए काफी बुद्धिमान है।","wise enough","","too wise enough","","wisely enough","","No improvement","","A","The word ""enough"" follows the adjective it modifies.","शब्द ""पर्याप्त"" उस विशेषण का अनुसरण करता है जिसे यह संशोधित करता है।"
"SSC CGL Tier 1","English Comprehension","Sentence improvement","Sentence improvement","Sentence Improvement","Medium","MCQ","2","0.5","The Cattle is grazing in the nearby meadows.","मवेशी पास के घास के मैदानों में चर रहे हैं।","are grazing","","was grazing","","has been grazing","","No improvement","","A","""Cattle"" is treated as a plural noun and therefore takes a plural verb.","""मवेशी"" को बहुवचन संज्ञा के रूप में माना जाता है और इसलिए यह बहुवचन क्रिया लेता है।"
"SSC CGL Tier 1","English Comprehension","Sentence improvement","Sentence improvement","Sentence Improvement","Medium","MCQ","2","0.5","They are discussing about the new economic policy.","वे नई आर्थिक नीति पर चर्चा कर रहे हैं.","are discussing","","are discussing on","","are discussing of","","No improvement","","A","""Discuss"" is a transitive verb and does not require the preposition ""about.""","""चर्चा करें"" एक सकर्मक क्रिया है और इसमें ""के बारे में"" पूर्वसर्ग की आवश्यकता नहीं होती है।"
"SSC CGL Tier 1","English Comprehension","Sentence improvement","Sentence improvement","Sentence Improvement","Medium","MCQ","2","0.5","If I was you, I would accept the job offer immediately.","अगर मैं आपकी जगह होता, तो नौकरी का प्रस्ताव तुरंत स्वीकार कर लेता।","were","","am","","had been","","No improvement","","A","Hypothetical or unreal conditions require the subjunctive form ""were.""","काल्पनिक या अवास्तविक स्थितियों के लिए उपवाक्य रूप ""थे"" की आवश्यकता होती है।"
"SSC CGL Tier 1","English Comprehension","Sentence improvement","Sentence improvement","Sentence Improvement","Medium","MCQ","2","0.5","None of the two candidates is eligible for the post.","दोनों उम्मीदवारों में से कोई भी इस पद के लिए पात्र नहीं है।","Neither of the two candidates","","Either of the two candidates","","No one of the two candidates","","No improvement","","A","""Neither"" is used for two persons or things, whereas ""none"" is generally used for more than two.","""कोई नहीं"" का प्रयोग दो व्यक्तियों या चीज़ों के लिए किया जाता है, जबकि ""कोई नहीं"" का प्रयोग आम तौर पर दो से अधिक के लिए किया जाता है।"
"SSC CGL Tier 1","English Comprehension","Sentence improvement","Sentence improvement","Sentence Improvement","Medium","MCQ","2","0.5","He ordered for a cup of strong filter coffee.","उसने एक कप स्ट्रांग फिल्टर कॉफ़ी का ऑर्डर दिया।","ordered","","ordered to","","ordered with","","No improvement","","A","""Order"" is a transitive verb and does not require the preposition ""for.""","""आदेश"" एक सकर्मक क्रिया है और इसमें ""के लिए"" पूर्वसर्ग की आवश्यकता नहीं होती है।"
"SSC CGL Tier 1","English Comprehension","Sentence improvement","Sentence improvement","Sentence Improvement","Medium","MCQ","2","0.5","Unless you do not study hard, you will fail.","जब तक तुम मन लगाकर पढ़ाई नहीं करोगे, असफल हो जाओगे।","study hard","","will study hard","","not study hard","","No improvement","","A","Since ""unless"" already expresses a negative meaning, an additional negative form is incorrect.","चूँकि ""जब तक"" पहले से ही एक नकारात्मक अर्थ व्यक्त नहीं करता है, एक अतिरिक्त नकारात्मक रूप गलत है।"
"SSC CGL Tier 1","English Comprehension","Sentence improvement","Sentence improvement","Sentence Improvement","Medium","MCQ","2","0.5","Each of the employees have received the bonus.","प्रत्येक कर्मचारी को बोनस मिल चुका है।","has","","are having","","were","","No improvement","","A","Expressions such as ""each of"" take singular verbs.","""प्रत्येक"" जैसे भाव एकवचन क्रिया लेते हैं।"
"SSC CGL Tier 1","English Comprehension","Sentence improvement","Sentence improvement","Sentence Improvement","Medium","MCQ","2","0.5","She behaves as if she knows everything.","वह ऐसे व्यवहार करती है मानो वह सब कुछ जानती हो।","knew","","had known","","was knowing","","No improvement","","A","Unreal present situations after ""as if"" often take the past subjunctive form.","""मानो"" के बाद अवास्तविक वर्तमान परिस्थितियाँ अक्सर अतीत वशीभूत रूप ले लेती हैं।"
"SSC CGL Tier 1","English Comprehension","Sentence improvement","Sentence improvement","Sentence Improvement","Medium","MCQ","2","0.5","It is high time you return home.","अब समय आ गया है कि आप घर लौट आएं।","returned","","will return","","have returned","","No improvement","","A","The expression ""It is high time"" is followed by a past tense verb.","अभिव्यक्ति ""यह सही समय है"" के बाद भूतकाल की क्रिया आती है।"
"SSC CGL Tier 1","English Comprehension","Sentence improvement","Sentence improvement","Sentence Improvement","Medium","MCQ","2","0.5","He is addicted to gamble.","वह जुआ खेलने का आदी है।","to gambling","","with gambling","","at gambling","","No improvement","","A","""Addicted to"" is followed by a gerund.","""आदी"" के बाद गेरुंड आता है।"
"SSC CGL Tier 1","English Comprehension","Sentence improvement","Sentence improvement","Sentence Improvement","Medium","MCQ","2","0.5","She is more cleverer than her brother.","वह अपने भाई से ज्यादा होशियार है.","cleverer","","most clever","","more clever","","No improvement","","A","Using both ""more"" and a comparative form creates an incorrect double comparative.","""अधिक"" और तुलनात्मक रूप दोनों का उपयोग करने से गलत दोहरा तुलनात्मक निर्माण होता है।"
"SSC CGL Tier 1","English Comprehension","Sentence improvement","Sentence improvement","Sentence Improvement","Medium","MCQ","2","0.5","I am tired with doing the same repetitive task everyday.","मैं हर रोज एक ही तरह का दोहराव वाला काम करते-करते थक गया हूं।","of","","from","","by","","No improvement","","A","The correct expression is ""tired of.""","सही अभिव्यक्ति ""थका हुआ"" है।"
"SSC CGL Tier 1","English Comprehension","Sentence improvement","Sentence improvement","Sentence Improvement","Medium","MCQ","2","0.5","The population of Tokyo is greater than any city in the world.","टोक्यो की जनसंख्या दुनिया के किसी भी शहर से अधिक है।","than that of any other city","","than any other city","","than those of any city","","No improvement","","A","The comparison should be between populations, not between a population and a city.","तुलना आबादी के बीच होनी चाहिए, आबादी और शहर के बीच नहीं।"
"SSC CGL Tier 1","English Comprehension","Sentence improvement","Sentence improvement","Sentence Improvement","Medium","MCQ","2","0.5","Many a soldier have lost their lives in the war.","युद्ध में कई सैनिकों ने अपनी जान गंवाई है.","has lost his life","","have lost his life","","has lost their life","","No improvement","","A","""Many a"" takes a singular noun, singular verb, and singular pronoun.","""कई ए"" एकवचन संज्ञा, एकवचन क्रिया और एकवचन सर्वनाम लेता है।"
"SSC CGL Tier 1","English Comprehension","Sentence improvement","Sentence improvement","Sentence Improvement","Medium","MCQ","2","0.5","Scarcely had I opened the umbrella than it started raining heavily.","मैंने छाता खोला ही था कि तेज़ बारिश शुरू हो गई।","when","","then","","before","","No improvement","","A","""Scarcely"" is correctly paired with ""when.""","""स्केर्ली"" को ""कब"" के साथ सही ढंग से जोड़ा गया है।"
"SSC CGL Tier 1","English Comprehension","Sentence improvement","Sentence improvement","Sentence Improvement","Medium","MCQ","2","0.5","The furniture in this showroom are made of high-quality teak wood.","इस शोरूम में फर्नीचर उच्च गुणवत्ता वाले सागौन की लकड़ी से बने हैं।","is","","were","","have been","","No improvement","","A","""Furniture"" is an uncountable noun and takes a singular verb.","""फर्नीचर"" एक अनगिनत संज्ञा है और एक विलक्षण क्रिया लेता है।"
"SSC CGL Tier 1","English Comprehension","Sentence improvement","Sentence improvement","Sentence Improvement","Medium","MCQ","2","0.5","Both of them did not go to the exhibition.","ये दोनों प्रदर्शनी में नहीं गए.","Neither of them went","","None of them went","","Both of them went not","","No improvement","","A","For two people in a negative context, ""neither of"" is preferred.","नकारात्मक संदर्भ में दो लोगों के लिए, ""दोनों में से कोई नहीं"" को प्राथमिकता दी जाती है।"
"SSC CGL Tier 1","English Comprehension","Sentence improvement","Sentence improvement","Sentence Improvement","Medium","MCQ","2","0.5","Hard work is the key for success.","कड़ी मेहनत ही सफलता की कुंजी है.","key to","","key of","","key in","","No improvement","","A","The correct expression is ""the key to success.""","सही अभिव्यक्ति ""सफलता की कुंजी"" है।"
"SSC CGL Tier 1","English Comprehension","Sentence improvement","Sentence improvement","Sentence Improvement","Medium","MCQ","2","0.5","He walked fast lest he should miss the bus.","वह तेजी से चला कि कहीं उसकी बस छूट न जाए।","should miss","","should not miss","","would miss","","No improvement","","D","""Lest"" is correctly followed by ""should"" without an additional negative.","""कहीं ऐसा न हो कि"" के बाद बिना किसी अतिरिक्त नकारात्मक के ""चाहिए"" सही ढंग से आ जाए।"
"SSC CGL Tier 1","English Comprehension","Sentence improvement","Sentence improvement","Sentence Improvement","Medium","MCQ","2","0.5","One must respect his elders.","व्यक्ति को अपने बड़ों का सम्मान करना चाहिए।","one's","","their","","individual","","No improvement","","A","The possessive form corresponding to ""one"" is ""one's.""","""एक"" के अनुरूप स्वत्वबोधक रूप ""एक का"" है।"
"SSC CGL Tier 1","English Comprehension","Sentence improvement","Sentence improvement","Sentence Improvement","Medium","MCQ","2","0.5","The standard of education in private schools is better than government schools.","निजी स्कूलों में शिक्षा का स्तर सरकारी स्कूलों से बेहतर है।","than that in government schools","","than those in government schools","","than government schools","","No improvement","","A","The comparison is between standards of education, not the schools themselves.","तुलना शिक्षा के मानकों के बीच है, न कि स्कूलों के बीच।"
"SSC CGL Tier 1","English Comprehension","Sentence improvement","Sentence improvement","Sentence Improvement","Medium","MCQ","2","0.5","He entered into the room without any permission.","वह बिना किसी अनुमति के कमरे में घुस गया।","entered the room","","entered inside the room","","entered in the room","","No improvement","","A","The verb ""enter"" does not require the preposition ""into.""","क्रिया ""प्रवेश करें"" के लिए ""अंदर"" पूर्वसर्ग की आवश्यकता नहीं होती है।"
"SSC CGL Tier 1","English Comprehension","Sentence improvement","Sentence improvement","Sentence Improvement","Medium","MCQ","2","0.5","The performance of the actors was majorly superior than yesterday.","कलाकारों का प्रदर्शन कल की तुलना में काफी बेहतर था।","was superior to","","was superior than","","was more superior to","","No improvement","","A","Adjectives such as superior, inferior, senior, and junior are followed by ""to.""","श्रेष्ठ, निम्न, वरिष्ठ और कनिष्ठ जैसे विशेषणों के बाद ""से"" आता है।"
"SSC CGL Tier 1","English Comprehension","Sentence improvement","Sentence improvement","Sentence Improvement","Medium","MCQ","2","0.5","I prefer swimming than running.","मैं दौड़ने के बजाय तैरना पसंद करता हूं।","to","","over","","instead of","","No improvement","","A","The verb ""prefer"" takes the preposition ""to.""","क्रिया ""पसंद"" पूर्वसर्ग ""से"" लेती है।"
"SSC CGL Tier 1","English Comprehension","Sentence improvement","Sentence improvement","Sentence Improvement","Medium","MCQ","2","0.5","Being a fine day, we went out for a long drive.","अच्छा दिन होने के कारण हम लम्बी ड्राइव पर निकल गये।","It being a fine day, we went out","","As being a fine day, we went out","","Since fine day, we went out","","No improvement","","A","The introductory phrase requires its own logical subject to avoid a dangling participle.","लटकते कृदंत से बचने के लिए परिचयात्मक वाक्यांश को अपने स्वयं के तार्किक विषय की आवश्यकता होती है।"
"SSC CGL Tier 1","English Comprehension","Sentence improvement","Sentence improvement","Sentence Improvement","Medium","MCQ","2","0.5","They left the town with bag and baggage.","वे बैग और सामान लेकर शहर से बाहर चले गए।","bag and baggage","","with bags and baggages","","by bag and baggage","","No improvement","","A","""Bag and baggage"" is a fixed idiomatic expression.","""बैग और सामान"" एक निश्चित मुहावरेदार अभिव्यक्ति है।"
"SSC CGL Tier 1","English Comprehension","Sentence improvement","Sentence improvement","Sentence Improvement","Medium","MCQ","2","0.5","If I had known you were in town, I would have met you.","अगर मुझे पता होता कि आप शहर में हैं तो मैं आपसे मिल लेता।","had known","","knew","","would know","","No improvement","","D","The sentence correctly follows the Third Conditional pattern.","वाक्य तीसरे सशर्त पैटर्न का सही ढंग से अनुसरण करता है।"
"SSC CGL Tier 1","English Comprehension","Sentence improvement","Sentence improvement","Sentence Improvement","Medium","MCQ","2","0.5","He was hung for the murder of his business partner.","उसे अपने बिजनेस पार्टनर की हत्या के आरोप में फाँसी पर लटका दिया गया था।","hanged","","hang","","hunged","","No improvement","","A","""Hanged"" is used in the context of execution by hanging.","""फाँसी"" का प्रयोग फाँसी द्वारा फाँसी के सन्दर्भ में किया जाता है।"
"SSC CGL Tier 1","English Comprehension","Sentence improvement","Sentence improvement","Sentence Improvement","Medium","MCQ","2","0.5","Neither the teacher nor the students was happy with the new timetable.","नई समय सारिणी से न तो शिक्षक खुश थे और न ही छात्र।","were","","is","","are being","","No improvement","","A","The verb agrees with the subject nearest to it, which is plural.","क्रिया अपने निकटतम कर्ता से मेल खाती है, जो बहुवचन है।"
"SSC CGL Tier 1","English Comprehension","Sentence improvement","Sentence improvement","Sentence Improvement","Medium","MCQ","2","0.5","He did not pass the exam, and neither did his sister.","वह परीक्षा में उत्तीर्ण नहीं हुआ और न ही उसकी बहन ने परीक्षा उत्तीर्ण की।","neither did his sister","","neither his sister did","","either did his sister","","No improvement","","D","The sentence correctly follows the inversion pattern used after ""neither.""","वाक्य ""कुछ नहीं"" के बाद प्रयुक्त व्युत्क्रम पैटर्न का सही ढंग से अनुसरण करता है।"
"SSC CGL Tier 1","English Comprehension","Sentence improvement","Sentence improvement","Sentence Improvement","Medium","MCQ","2","0.5","She is owning three prime properties in Delhi NCR.","वह दिल्ली एनसीआर में तीन प्रमुख संपत्तियों की मालिक हैं।","owns","","has owned","","is possessor of","","No improvement","","A","""Own"" is a stative verb and is generally not used in continuous forms to indicate possession.","""अपना"" एक मूल क्रिया है और आम तौर पर कब्ज़ा दर्शाने के लिए निरंतर रूपों में इसका उपयोग नहीं किया जाता है।"
"SSC CGL Tier 1","English Comprehension","Sentence improvement","Sentence improvement","Sentence Improvement","Medium","MCQ","2","0.5","My sister-in-las have come to stay with us.","मेरी ननदें हमारे साथ रहने आई हैं।","sisters-in-law","","sister-in-law's","","sisters-in-laws","","No improvement","","A","The plural form of this compound noun is created by pluralizing the principal noun.","इस संयुक्त संज्ञा का बहुवचन रूप प्रधान संज्ञा का बहुवचन बनाने से बनता है।"
"SSC CGL Tier 1","English Comprehension","Sentence improvement","Sentence improvement","Sentence Improvement","Medium","MCQ","2","0.5","I am preparing for SSC CGL since five months.","मैं पांच महीने से एसएससी सीजीएल की तैयारी कर रहा हूं।","have been preparing","","was preparing","","am being preparing","","No improvement","","A","An action continuing over a period of time requires the Present Perfect Continuous Tense.","एक समयावधि तक जारी रहने वाली क्रिया के लिए वर्तमान पूर्ण सतत काल की आवश्यकता होती है।"
"SSC CGL Tier 1","English Comprehension","Sentence improvement","Sentence improvement","Sentence Improvement","Medium","MCQ","2","0.5","He is too weak that he cannot lift this heavy box.","वह इतना कमजोर है कि इस भारी बक्से को उठा नहीं सकता।","so weak that he cannot","","too weak to cannot","","weak enough to","","No improvement","","A","The structure ""so + adjective + that + clause"" is appropriate here.","यहाँ ""तो + विशेषण + वह + उपवाक्य"" संरचना उपयुक्त है।"
"SSC CGL Tier 1","English Comprehension","Sentence improvement","Sentence improvement","Sentence Improvement","Medium","MCQ","2","0.5","She manages the financial accounts with carefully.","वह वित्तीय खातों का सावधानीपूर्वक प्रबंधन करती है।","carefully","","with care","","with carefulness","","No improvement","","A","The verb should be modified by an adverb.","क्रिया को क्रियाविशेषण द्वारा संशोधित किया जाना चाहिए।"
"SSC CGL Tier 1","English Comprehension","Sentence improvement","Sentence improvement","Sentence Improvement","Medium","MCQ","2","0.5","You must avail of this opportunity to excel.","आपको उत्कृष्टता प्राप्त करने के लिए इस अवसर का लाभ उठाना चाहिए।","avail yourself of","","avail yourself to","","avail of yourself","","No improvement","","A","The correct expression is ""avail yourself of.""","सही अभिव्यक्ति है ""स्वयं का लाभ उठाएं।"""
"SSC CGL Tier 1","English Comprehension","Sentence improvement","Sentence improvement","Sentence Improvement","Medium","MCQ","2","0.5","The pleasant climate of Bengaluru conduces for good health.","बेंगलुरू की सुखद जलवायु अच्छे स्वास्थ्य के लिए अनुकूल है।","conduces to","","conduces with","","conduces at","","No improvement","","A","The verb ""conduce"" is followed by the preposition ""to.""","क्रिया ""conduce"" के बाद पूर्वसर्ग ""to"" आता है।"
"SSC CGL Tier 1","English Comprehension","Sentence improvement","Sentence improvement","Sentence Improvement","Medium","MCQ","2","0.5","Suppose if you lose the match, what will you do?","मान लीजिए अगर आप मैच हार गए तो आप क्या करेंगे?","Suppose you lose","","If suppose you lose","","Supposing if you lose","","No improvement","","A","Using both ""suppose"" and ""if"" together is redundant.","""मान लीजिए"" और ""यदि"" दोनों का एक साथ उपयोग करना अनावश्यक है।"
"SSC CGL Tier 1","English Comprehension","Sentence improvement","Sentence improvement","Sentence Improvement","Medium","MCQ","2","0.5","Bread and butter are my favorite breakfast item.","ब्रेड और बटर मेरी पसंदीदा नाश्ते की चीज़ें हैं।","is","","were","","have been","","No improvement","","A","When two nouns refer to a single item or idea, a singular verb is used.","जब दो संज्ञाएं एक ही वस्तु या विचार को संदर्भित करती हैं, तो एकवचन क्रिया का उपयोग किया जाता है।"
"SSC CGL Tier 1","English Comprehension","Sentence improvement","Sentence improvement","Sentence Improvement","Medium","MCQ","2","0.5","He is the most unique designer in the fashion industry.","वह फैशन इंडस्ट्री के सबसे अनोखे डिजाइनर हैं।","a unique","","unique","","the unique","","No improvement","","B","""Unique"" is an absolute adjective and should not be used with superlative forms.","""अद्वितीय"" एक पूर्ण विशेषण है और इसका उपयोग अतिशयोक्तिपूर्ण रूपों के साथ नहीं किया जाना चाहिए।"
"SSC CGL Tier 1","English Comprehension","Sentence improvement","Sentence improvement","Sentence Improvement","Medium","MCQ","2","0.5","He is good in making intricate sketches.","वह जटिल रेखाचित्र बनाने में माहिर हैं।","good at","","good with","","good into","","No improvement","","A","The fixed expression ""good at"" is used to indicate skill or proficiency in an activity or subject. Therefore, ""good at making intricate sketches"" is the correct usage.","निश्चित अभिव्यक्ति ""अच्छा है"" का उपयोग किसी गतिविधि या विषय में कौशल या दक्षता को इंगित करने के लिए किया जाता है। इसलिए, ""जटिल रेखाचित्र बनाने में अच्छा"" इसका सही उपयोग है।"
"SSC CGL Tier 1","English Comprehension","Sentence improvement","Sentence improvement","Sentence Improvement","Medium","MCQ","2","0.5","The panel were unanimous in its final verdict.","पैनल अपने अंतिम फैसले में एकमत था।","was","","are","","have been","","No improvement","","A","A collective noun such as ""panel"" takes a singular verb when the members act as a single unit. Since the panel was unanimous, the singular verb ""was"" is correct.","जब सदस्य एक इकाई के रूप में कार्य करते हैं तो ""पैनल"" जैसी सामूहिक संज्ञा एक विलक्षण क्रिया लेती है। चूँकि पैनल एकमत था, एकवचन क्रिया ""था"" सही है।"
"SSC CGL Tier 1","English Comprehension","Sentence improvement","Sentence improvement","Sentence Improvement","Medium","MCQ","2","0.5","Each of the participants were rewarded with a memento.","प्रत्येक प्रतिभागी को स्मृति चिन्ह देकर पुरस्कृत किया गया।","was","","are","","have been","","No improvement","","A","""Each of"" is treated as singular and therefore requires a singular verb. Hence, ""was rewarded"" is correct.","""प्रत्येक"" को एकवचन माना जाता है और इसलिए एक विलक्षण क्रिया की आवश्यकता होती है। अतः, ""पुरस्कृत किया गया"" सही है।"
"SSC CGL Tier 1","English Comprehension","Sentence improvement","Sentence improvement","Sentence Improvement","Medium","MCQ","2","0.5","The news of his sudden demise are not yet confirmed.","उनके अचानक निधन की खबर की अभी पुष्टि नहीं हुई है.","is","","were","","have been","","No improvement","","A","""News"" is an uncountable noun that always takes a singular verb. Therefore, ""is not yet confirmed"" is correct.","""समाचार"" एक अनगिनत संज्ञा है जो हमेशा एक ही क्रिया लेती है। इसलिए, ""अभी तक पुष्टि नहीं हुई है"" सही है।"
"SSC CGL Tier 1","English Comprehension","Sentence improvement","Sentence improvement","Sentence Improvement","Medium","MCQ","2","0.5","Run fast lest you should not miss the train.","तेजी से दौड़ें कहीं आपकी ट्रेन न छूट जाए.","should miss","","would miss","","might miss","","No improvement","","A","The conjunction ""lest"" already carries a negative meaning. Therefore, ""not"" should not be used after it. The correct structure is ""lest + subject + should + base verb.""","संयोजन ""ऐसा न हो"" पहले से ही एक नकारात्मक अर्थ रखता है। अतः इसके बाद ""नहीं"" का प्रयोग नहीं करना चाहिए। सही संरचना है ""ऐसा न हो + विषय + चाहिए + आधार क्रिया।"""
"SSC CGL Tier 1","English Comprehension","Sentence improvement","Sentence improvement","Sentence Improvement","Medium","MCQ","2","0.5","Every citizen must perform his duty towards the nation.","प्रत्येक नागरिक को राष्ट्र के प्रति अपना कर्तव्य अवश्य निभाना चाहिए।","one's","","their","","individual","","No improvement","","D","In traditional grammar, ""his"" is acceptable as a singular possessive pronoun referring to ""every citizen."" Therefore, the sentence is considered correct.","पारंपरिक व्याकरण में, ""उसका"" ""प्रत्येक नागरिक"" को संदर्भित करने वाले एकवचन अधिकारवाचक सर्वनाम के रूप में स्वीकार्य है। अतः वाक्य सही माना जाता है।"
"SSC CGL Tier 1","English Comprehension","Sentence improvement","Sentence improvement","Sentence Improvement","Medium","MCQ","2","0.5","I am looking forward to meet the delegates tomorrow.","मैं कल प्रतिनिधियों से मिलने के लिए उत्सुक हूं।","to meeting","","for meeting","","to be meeting","","No improvement","","A","The phrase ""look forward to"" is followed by a gerund (verb + ing), not an infinitive. Hence, ""to meeting"" is correct.","वाक्यांश ""आगे देखो"" के बाद गेरुंड (क्रिया + आईएनजी) आता है, इनफिनिटिव नहीं। अतः, ""मिलना"" सही है।"
"SSC CGL Tier 1","English Comprehension","Sentence improvement","Sentence improvement","Sentence Improvement","Medium","MCQ","2","0.5","The manager severely punished the clerk for breaking the rules.","मैनेजर ने नियम तोड़ने पर क्लर्क को कड़ी सजा दी।","severe punished","","severe punish","","punishing severely","","No improvement","","D","The adverb ""severely"" correctly modifies the verb ""punished."" Therefore, the sentence is grammatically correct.","क्रियाविशेषण ""गंभीरता से"" क्रिया ""दंडित"" को सही ढंग से संशोधित करता है। अतः वाक्य व्याकरणिक दृष्टि से सही है।"
"SSC CGL Tier 1","English Comprehension","Sentence improvement","Sentence improvement","Sentence Improvement","Medium","MCQ","2","0.5","I prefer corporate life than a government job.","मैं सरकारी नौकरी के बजाय कॉर्पोरेट जीवन पसंद करता हूं।","to","","over","","rather than","","No improvement","","A","The verb ""prefer"" is followed by the preposition ""to"" when comparing two alternatives.","दो विकल्पों की तुलना करते समय क्रिया ""पसंद"" के बाद ""से"" पूर्वसर्ग आता है।"
"SSC CGL Tier 1","English Comprehension","Sentence improvement","Sentence improvement","Sentence Improvement","Medium","MCQ","2","0.5","The sceneries of Switzerland are mesmerizing.","स्विट्जरलैंड के दृश्य मंत्रमुग्ध कर देने वाले हैं।","scenery of Switzerland is","","scenery of Switzerland are","","sceneries of Switzerland is","","No improvement","","A","""Scenery"" is an uncountable noun and does not have a plural form. It also takes a singular verb.","""दृश्यावली"" एक बेशुमार संज्ञा है और इसका कोई बहुवचन रूप नहीं है। इसमें एकवचन क्रिया भी लगती है।"
"SSC CGL Tier 1","English Comprehension","Sentence improvement","Sentence improvement","Sentence Improvement","Medium","MCQ","2","0.5","Hard work is the key for cracking competitive exams.","प्रतियोगी परीक्षाओं में सफल होने के लिए कड़ी मेहनत महत्वपूर्ण है।","key to","","key of","","key in","","No improvement","","A","The correct expression is ""the key to"" followed by a noun or gerund.","सही अभिव्यक्ति ""कुंजी"" है जिसके बाद संज्ञा या गेरुंड आता है।"
"SSC CGL Tier 1","English Comprehension","Sentence improvement","Sentence improvement","Sentence Improvement","Medium","MCQ","2","0.5","He has passed his examination three years ago.","तीन साल पहले उसने परीक्षा पास की है।","passed his examination","","had passed his examination","","was passing his examination","","No improvement","","A","When a definite past time expression such as ""three years ago"" is used, the Simple Past Tense is required instead of the Present Perfect Tense.","जब एक निश्चित भूतकाल अभिव्यक्ति जैसे ""तीन वर्ष पहले"" का उपयोग किया जाता है, तो वर्तमान पूर्ण काल ​​के बजाय सरल भूत काल की आवश्यकता होती है।"
"SSC CGL Tier 1","English Comprehension","Sentence improvement","Sentence improvement","Sentence Improvement","Medium","MCQ","2","0.5","The committee cannot agree with this controversial proposal.","समिति इस विवादास्पद प्रस्ताव से सहमत नहीं हो सकती.","to","","on","","at","","No improvement","","A","We ""agree with"" a person but ""agree to"" a proposal, plan, or suggestion.","हम किसी व्यक्ति से ""सहमत"" हैं लेकिन किसी प्रस्ताव, योजना या सुझाव से ""सहमत"" हैं।"
"SSC CGL Tier 1","English Comprehension","Sentence improvement","Sentence improvement","Sentence Improvement","Medium","MCQ","2","0.5","Being a stormy night, the sailor anchored the ship.","तूफानी रात होने के कारण नाविक ने जहाज को लंगर डाल दिया।","It being a stormy night, the sailor anchored","","As being a stormy night, the sailor anchored","","Since a stormy night, the sailor anchored","","No improvement","","A","The introductory phrase lacks a proper subject. ""It"" should be used to refer to the weather condition.","परिचयात्मक वाक्यांश में उचित विषय का अभाव है। मौसम की स्थिति को दर्शाने के लिए ""यह"" का प्रयोग किया जाना चाहिए।"
"SSC CGL Tier 1","English Comprehension","Sentence improvement","Sentence improvement","Sentence Improvement","Medium","MCQ","2","0.5","The refugees escaped with bag and baggage.","शरणार्थी बैग और सामान लेकर भाग निकले।","bag and baggage","","with bags and baggages","","by bag and baggage","","No improvement","","A","The idiom is ""bag and baggage."" Since the meaning of ""with"" is already implied, the extra ""with"" should be removed.","मुहावरा है ""बैग और सामान।"" चूंकि ""साथ"" का अर्थ पहले से ही निहित है, इसलिए अतिरिक्त ""साथ"" को हटा दिया जाना चाहिए।"
"SSC CGL Tier 1","English Comprehension","Sentence improvement","Sentence improvement","Sentence Improvement","Medium","MCQ","2","0.5","If they had played well, they would win the match.","यदि वे अच्छा खेलते तो वे मैच जीत जाते।","would have won","","will win","","won","","No improvement","","A","This is a Third Conditional sentence. The structure is: If + had + V3, subject + would have + V3.","यह तीसरा सशर्त वाक्य है. संरचना इस प्रकार है: यदि + के पास + V3 है, तो विषय + के पास + V3 होगा।"
"SSC CGL Tier 1","English Comprehension","Sentence improvement","Sentence improvement","Sentence Improvement","Medium","MCQ","2","0.5","The continuous ticking of the clocks distracted the students.","घड़ियों की लगातार टिक-टिक ने छात्रों का ध्यान भटका दिया।","distracts","","distract","","was distracting","","No improvement","","D","The subject ""The continuous ticking"" is singular, and the sentence correctly uses the Simple Past Tense.","विषय ""निरंतर टिक"" एकवचन है, और वाक्य सरल अतीत काल का सही ढंग से उपयोग करता है।"
"SSC CGL Tier 1","English Comprehension","Sentence improvement","Sentence improvement","Sentence Improvement","Medium","MCQ","2","0.5","No sooner did the teacher entered the room than the students stood up.","जैसे ही शिक्षक कमरे में दाखिल हुए, छात्र खड़े हो गये।","enter","","enters","","had entered","","No improvement","","A","After ""did,"" the base form of the verb must be used. Therefore, ""enter"" is correct.","""किया"" के बाद क्रिया के मूल रूप का उपयोग किया जाना चाहिए। इसलिए, ""प्रवेश करें"" सही है।"
"SSC CGL Tier 1","English Comprehension","Sentence improvement","Sentence improvement","Sentence Improvement","Medium","MCQ","2","0.5","Her performance was much better than mine.","उनका प्रदर्शन मुझसे कहीं बेहतर था.'","more better","","very better","","the best","","No improvement","","D","""Much better"" is a correct comparative structure used for emphasis. ""More better"" would be an incorrect double comparative.","""बहुत बेहतर"" एक सही तुलनात्मक संरचना है जिसका उपयोग जोर देने के लिए किया जाता है। ""अधिक बेहतर"" एक गलत दोहरा तुलनात्मक होगा।"
"SSC CGL Tier 1","English Comprehension","Sentence improvement","Sentence improvement","Sentence Improvement","Medium","MCQ","2","0.5","Both the layout designs are not suitable for the magazine cover.","दोनों लेआउट डिज़ाइन पत्रिका कवर के लिए उपयुक्त नहीं हैं।","Neither of the layout designs is","","None of the layout designs are","","Both layouts are refusing","","No improvement","","A","For two items in a negative sense, ""Neither of"" followed by a singular verb is the correct structure.","नकारात्मक अर्थ में दो वस्तुओं के लिए, ""इनमें से कोई नहीं"" के बाद एकवचन क्रिया सही संरचना है।"
"SSC CGL Tier 1","English Comprehension","Sentence improvement","Sentence improvement","Sentence Improvement","Medium","MCQ","2","0.5","The fire spread rapidly but everyone could evacuate safely.","आग तेज़ी से फैली लेकिन सभी लोग सुरक्षित बाहर निकल सके।","was able to","","might","","can","","No improvement","","A","""Was able to"" is preferred when referring to successful completion of a specific action in the past.","अतीत में किसी विशिष्ट कार्य के सफल समापन का संदर्भ देते समय ""सक्षम था"" को प्राथमिकता दी जाती है।"
"SSC CGL Tier 1","English Comprehension","Sentence improvement","Sentence improvement","Sentence Improvement","Medium","MCQ","2","0.5","Many a man have lost fortunes in stock market speculation.","कई लोगों ने शेयर बाजार की सट्टेबाजी में अपना भाग्य खो दिया है।","has lost","","have lose","","has lose","","No improvement","","A","""Many a"" is followed by a singular noun and a singular verb. Therefore, ""has lost"" is correct.","""अनेक"" के बाद एकवचन संज्ञा और एकवचन क्रिया आती है। इसलिए, ""खो गया"" सही है।"
"SSC CGL Tier 1","English Comprehension","Sentence improvement","Sentence improvement","Sentence Improvement","Medium","MCQ","2","0.5","She talks as if she is the prime minister.","वह ऐसे बात करती हैं जैसे वह प्रधानमंत्री हों।'","were","","was","","has been","","No improvement","","A","""As if"" introducing an unreal situation generally requires the subjunctive form ""were.""","""मानो"" एक अवास्तविक स्थिति का परिचय देने के लिए आम तौर पर वशीभूत रूप की आवश्यकता होती है ""थे।"""
"SSC CGL Tier 1","English Comprehension","Sentence improvement","Sentence improvement","Sentence Improvement","Medium","MCQ","2","0.5","Beside his business, he manages an NGO as well.","अपने व्यवसाय के अलावा, वह एक एनजीओ भी चलाते हैं।","Besides his business","","Beside of his business","","By beside his business","","No improvement","","A","""Besides"" means ""in addition to,"" whereas ""beside"" means ""next to.""","""अतिरिक्त"" का अर्थ है ""अतिरिक्त"", जबकि ""बगल"" का अर्थ है ""बगल में।"""
"SSC CGL Tier 1","English Comprehension","Sentence improvement","Sentence improvement","Sentence Improvement","Medium","MCQ","2","0.5","The climate of Shimla is cooler than Delhi.","शिमला की जलवायु दिल्ली से अधिक ठंडी है।","than that of Delhi","","than those of Delhi","","to Delhi","","No improvement","","A","The comparison is between the climates of two places. ""That of"" avoids repetition of the noun ""climate.""","यह तुलना दो स्थानों की जलवायु के बीच है। ""वह"" संज्ञा ""जलवायु"" की पुनरावृत्ति से बचाता है।"
"SSC CGL Tier 1","English Comprehension","Sentence improvement","Sentence improvement","Sentence Improvement","Medium","MCQ","2","0.5","He is senior and older than me.","वह मुझसे सीनियर और उम्र में बड़े हैं.","senior to and older than","","senior than and older than","","senior to and old than","","No improvement","","A","""Senior"" takes the preposition ""to,"" whereas ""older"" takes ""than.""","""वरिष्ठ"" पूर्वसर्ग ""से"" लेता है, जबकि ""वरिष्ठ"" ""से"" लेता है।"
"SSC CGL Tier 1","English Comprehension","Sentence improvement","Sentence improvement","Sentence Improvement","Medium","MCQ","2","0.5","My friend is habituated to drive fast on highways.","मेरे दोस्त को हाईवे पर तेज़ गाड़ी चलाने की आदत है।","to driving","","with driving","","for driving","","No improvement","","A","Expressions such as ""habituated to"" are followed by a gerund.","""आदत"" जैसे भावों के बाद गेरुंड लगाया जाता है।"
"SSC CGL Tier 1","English Comprehension","Sentence improvement","Sentence improvement","Sentence Improvement","Medium","MCQ","2","0.5","No sooner the alarm rang than he jumped out of bed.","जैसे ही अलार्म बजा, वह बिस्तर से कूद पड़ा।","No sooner did the alarm ring","","No sooner had the alarm rang","","No sooner the alarm had rung","","No improvement","","A","Sentences beginning with ""No sooner"" require inversion. ""Did"" is followed by the base form of the verb.","""अभी नहीं"" से शुरू होने वाले वाक्यों में उलटाव की आवश्यकता होती है। क्रिया के मूल रूप के बाद ""किया"" आता है।"
"SSC CGL Tier 1","English Comprehension","Sentence improvement","Sentence improvement","Sentence Improvement","Medium","MCQ","2","0.5","She is the most intelligent of the two brothers.","वह दोनों भाइयों में सबसे बुद्धिमान है।","more intelligent of the two brothers","","most intelligent between the two brothers","","cleverest of the two brothers","","No improvement","","A","When comparing only two people or things, the comparative degree should be used instead of the superlative.","केवल दो लोगों या चीज़ों की तुलना करते समय अतिशयोक्ति के बजाय तुलनात्मक डिग्री का उपयोग किया जाना चाहिए।"
"SSC CGL Tier 1","English Comprehension","Sentence improvement","Sentence improvement","Sentence Improvement","Medium","MCQ","2","0.5","I would rather fail to copy in exams.","मैं परीक्षा में नकल करने से चूकना पसंद करूंगा।","than copy","","than copying","","to copying","","No improvement","","A","The structure is ""would rather + V1 + than + V1.""","संरचना ""+ V1 के बजाय + V1 + होगी।"""
"SSC CGL Tier 1","English Comprehension","Sentence improvement","Sentence improvement","Sentence Improvement","Medium","MCQ","2","0.5","The officer asked the clerk why was he editing the logs.","अधिकारी ने क्लर्क से पूछा कि वह लॉग का संपादन क्यों कर रहा है।","why he was editing","","why he is editing","","that why he was editing","","No improvement","","A","In indirect speech, the interrogative structure changes to the statement order: Wh-word + subject + verb.","अप्रत्यक्ष भाषण में, प्रश्नवाचक संरचना कथन क्रम में बदल जाती है: क-शब्द + विषय + क्रिया।"
"SSC CGL Tier 1","English Comprehension","Sentence improvement","Sentence improvement","Sentence Improvement","Medium","MCQ","2","0.5","They have been planning this venture since six months.","वे छह महीने से इस उद्यम की योजना बना रहे हैं।","for six months","","from six months","","before six months","","No improvement","","A","""For"" is used with a period of time, whereas ""since"" is used with a specific point of time.","""For"" का प्रयोग समय की अवधि के साथ किया जाता है, जबकि ""चूंकि"" का प्रयोग किसी विशिष्ट समय बिंदु के साथ किया जाता है।"
"SSC CGL Tier 1","English Comprehension","Sentence improvement","Sentence improvement","Sentence Improvement","Medium","MCQ","2","0.5","The concert had ended before we had entered the auditorium.","हमारे सभागार में प्रवेश करने से पहले ही संगीत कार्यक्रम समाप्त हो चुका था।","entered","","reach","","have entered","","No improvement","","A","Of two past actions, the earlier action takes the Past Perfect, while the later action takes the Simple Past.","पिछली दो क्रियाओं में से, पहले वाली क्रिया पास्ट परफेक्ट लेती है, जबकि बाद वाली क्रिया सिंपल पास्ट लेती है।"
"SSC CGL Tier 1","English Comprehension","Sentence improvement","Sentence improvement","Sentence Improvement","Medium","MCQ","2","0.5","The information provided by the agent were completely false.","एजेंट द्वारा दी गई जानकारी पूरी तरह झूठी थी।","was","","are","","have been","","No improvement","","A","""Information"" is an uncountable noun and therefore takes a singular verb.","""सूचना"" एक अगणनीय संज्ञा है और इसलिए एक विलक्षण क्रिया लेती है।"
"SSC CGL Tier 1","English Comprehension","Sentence improvement","Sentence improvement","Sentence Improvement","Medium","MCQ","2","0.5","You will not attend the function, will you?","आप समारोह में शामिल नहीं होंगे क्या?","won't you?","","do you?","","shall you?","","No improvement","","D","A negative statement requires a positive question tag. The sentence already follows the correct rule.","एक नकारात्मक कथन के लिए एक सकारात्मक प्रश्न टैग की आवश्यकता होती है। वाक्य पहले से ही सही नियम का पालन करता है।"
"SSC CGL Tier 1","English Comprehension","Sentence improvement","Sentence improvement","Sentence Improvement","Medium","MCQ","2","0.5","He is enough tall to reach the upper shelf.","वह ऊपरी शेल्फ तक पहुंचने के लिए पर्याप्त लंबा है।","tall enough","","too tall enough","","taller enough","","No improvement","","A","""Enough"" follows the adjective it modifies. Therefore, ""tall enough"" is correct.","""पर्याप्त"" उस विशेषण का अनुसरण करता है जिसे वह संशोधित करता है। इसलिए, ""काफी लंबा"" सही है।"
"SSC CGL Tier 1","English Comprehension","Sentence improvement","Sentence improvement","Sentence Improvement","Medium","MCQ","2","0.5","The Gentry of this locality is highly educated.","इस इलाके के जेंट्री उच्च शिक्षित हैं।","are","","was","","has been","","No improvement","","A","""Gentry"" is treated as a plural collective noun and takes a plural verb.","""जेंट्री"" को बहुवचन सामूहिक संज्ञा के रूप में माना जाता है और यह बहुवचन क्रिया लेता है।"
"SSC CGL Tier 1","English Comprehension","Sentence improvement","Sentence improvement","Sentence Improvement","Medium","MCQ","2","0.5","The researchers are investigating about the viral outbreak.","शोधकर्ता वायरल प्रकोप के बारे में जांच कर रहे हैं।","are investigating","","are investigating into","","are investigating on","","No improvement","","A","""Investigate"" is a transitive verb and does not require the preposition ""about.""","""जांच"" एक सकर्मक क्रिया है और इसमें ""के बारे में"" पूर्वसर्ग की आवश्यकता नहीं होती है।"
"SSC CGL Tier 1","English Comprehension","Sentence improvement","Sentence improvement","Sentence Improvement","Medium","MCQ","2","0.5","If I was a millionaire, I would fund this research.","अगर मैं करोड़पति होता, तो मैं इस शोध को वित्तपोषित करता।","were","","am","","had been","","No improvement","","A","Hypothetical or unreal conditions require the subjunctive form ""were.""","काल्पनिक या अवास्तविक स्थितियों के लिए उपवाक्य रूप ""थे"" की आवश्यकता होती है।"
"SSC CGL Tier 1","English Comprehension","Sentence improvement","Sentence improvement","Sentence Improvement","Medium","MCQ","2","0.5","None of the two choices is correct.","दोनों में से कोई भी विकल्प सही नहीं है।","Neither of the two choices","","Either of the two choices","","No one of the two choices","","No improvement","","A","When referring to only two items in a negative sense, ""Neither"" is preferred over ""None.""","नकारात्मक अर्थ में केवल दो वस्तुओं का जिक्र करते समय, ""कोई नहीं"" की तुलना में ""कोई नहीं"" को प्राथमिकता दी जाती है।"
"SSC CGL Tier 1","English Comprehension","Sentence improvement","Sentence improvement","Sentence Improvement","Medium","MCQ","2","0.5","She ordered for a new smartphone online.","उसने ऑनलाइन एक नया स्मार्टफोन ऑर्डर किया।","ordered","","ordered to","","ordered with","","No improvement","","A","""Order"" is a transitive verb and takes its object directly without the preposition ""for.""","""आदेश"" एक सकर्मक क्रिया है और इसका उद्देश्य ""के लिए"" पूर्वसर्ग के बिना सीधे लिया जाता है।"
"SSC CGL Tier 1","English Comprehension","Sentence improvement","Sentence improvement","Sentence Improvement","Medium","MCQ","2","0.5","Unless you do not pay the fine, you won't get your documents.","जब तक आप जुर्माना नहीं भरेंगे, आपको आपके दस्तावेज़ नहीं मिलेंगे.","pay the fine","","will pay the fine","","not pay the fine","","No improvement","","A","""Unless"" already expresses a negative meaning. Therefore, an additional ""not"" is incorrect.","""जब तक"" पहले से ही एक नकारात्मक अर्थ व्यक्त नहीं करता। इसलिए, एक अतिरिक्त ""नहीं"" ग़लत है."
"SSC CGL Tier 1","English Comprehension","Sentence improvement","Sentence improvement","Sentence Improvement","Medium","MCQ","2","0.5","Each of the projects have unique challenges.","प्रत्येक परियोजना में अद्वितीय चुनौतियाँ हैं।","has","","are having","","were","","No improvement","","A","""Each of"" requires a singular verb because the focus is on each individual item.","""प्रत्येक"" के लिए एक विलक्षण क्रिया की आवश्यकता होती है क्योंकि फोकस प्रत्येक व्यक्तिगत आइटम पर होता है।"
"SSC CGL Tier 1","English Comprehension","Sentence improvement","Sentence improvement","Sentence Improvement","Medium","MCQ","2","0.5","He behaves as if he rules the entire country.","वह ऐसा व्यवहार करता है मानो वह पूरे देश पर शासन करता हो।","ruled","","had ruled","","was ruling","","No improvement","","A","Unreal present situations introduced by ""as if"" generally take the past subjunctive form.","""मानो"" द्वारा प्रस्तुत अवास्तविक वर्तमान परिस्थितियाँ आम तौर पर अतीत के अधीन रूप ले लेती हैं।"
"SSC CGL Tier 1","English Comprehension","Sentence improvement","Sentence improvement","Sentence Improvement","Medium","MCQ","2","0.5","It is high time you confess the truth.","अब समय आ गया है कि आप सच कबूल करें।","confessed","","will confess","","have confessed","","No improvement","","A","The expression ""It is high time"" is followed by the past subjunctive, using the second form of the verb.","क्रिया के दूसरे रूप का उपयोग करते हुए अभिव्यक्ति ""यह सही समय है"" के बाद भूतकाल का उपवाक्य आता है।"
"SSC CGL Tier 1","English Comprehension","Sentence improvement","Sentence improvement","Sentence Improvement","Medium","MCQ","2","0.5","He is addicted to alcohol.","वह शराब का आदी है.","to drinking alcohol","","with alcohol","","at alcohol","","No improvement","","D","""Addicted to"" may be followed by either a noun or a gerund. The sentence is already correct.","""आदी"" के बाद या तो संज्ञा या गेरुंड लगाया जा सकता है। वाक्य पहले से ही सही है."
"SSC CGL Tier 1","English Comprehension","Sentence improvement","Sentence improvement","Sentence Improvement","Medium","MCQ","2","0.5","She is more smarter than her classmates.","वह अपने सहपाठियों से अधिक होशियार है।","smarter","","most smart","","more smart","","No improvement","","A","""Smarter"" is already a comparative form. Using ""more"" with it creates an incorrect double comparative.","""होशियार"" पहले से ही एक तुलनात्मक रूप है। इसके साथ ""अधिक"" का प्रयोग करने से गलत दोहरी तुलना बन जाती है।"
"SSC CGL Tier 1","English Comprehension","Sentence improvement","Sentence improvement","Sentence Improvement","Medium","MCQ","2","0.5","The traveler was tired with the hectic journey.","यात्री व्यस्त यात्रा से थक गया था।","of","","from","","by","","No improvement","","A","The fixed expression is ""tired of"" when referring to weariness caused by a thing or situation.","किसी चीज़ या स्थिति के कारण होने वाली थकान का संदर्भ देते समय निश्चित अभिव्यक्ति ""थक गई"" होती है।"
"SSC CGL Tier 1","English Comprehension","Sentence improvement","Sentence improvement","Sentence Improvement","Medium","MCQ","2","0.5","The population of India is greater than any country in Asia.","भारत की जनसंख्या एशिया के किसी भी देश से अधिक है।","than that of any other country","","than any other country","","than those of any country","","No improvement","","A","The comparison is between populations, not countries. ""That of"" avoids repetition, and ""other"" excludes India from the comparison group.","तुलना आबादी के बीच है, देशों के बीच नहीं। ""वह"" दोहराव से बचता है, और ""अन्य"" भारत को तुलना समूह से बाहर कर देता है।"
"SSC CGL Tier 1","English Comprehension","Sentence improvement","Sentence improvement","Sentence Improvement","Medium","MCQ","2","0.5","Many a student have registered for the online mock test.","कई छात्रों ने ऑनलाइन मॉक टेस्ट के लिए पंजीकरण कराया है।","has registered","","have register","","has register","","No improvement","","A","""Many a"" is followed by a singular noun and a singular verb. Therefore, ""has registered"" is correct.","""अनेक"" के बाद एकवचन संज्ञा और एकवचन क्रिया आती है। इसलिए, ""पंजीकरण किया है"" सही है।"
"SSC CGL Tier 1","English Comprehension","Sentence improvement","Sentence improvement","Sentence Improvement","Medium","MCQ","2","0.5","Scarcely had the match started than it began to rain cats and dogs.","मैच शुरू ही हुआ था कि बारिश शुरू हो गई।","when","","then","","before","","No improvement","","A","The correlative conjunction used with ""Scarcely"" and ""Hardly"" is ""when"" (or sometimes ""before""), not ""than"". Therefore, ""than"" should be replaced with ""when"".","""स्कर्सली"" और ""हार्डली"" के साथ प्रयुक्त सहसंबंधी संयोजन ""कब"" (या कभी-कभी ""पहले"") है, न कि ""से""। इसलिए, ""से"" को ""कब"" से प्रतिस्थापित किया जाना चाहिए।"
"SSC CGL Tier 1","English Comprehension","Sentence improvement","Sentence improvement","Sentence Improvement","Medium","MCQ","2","0.5","The logistics manager disposed off the damaged goods.","लॉजिस्टिक्स प्रबंधक ने क्षतिग्रस्त माल का निपटान किया।","disposed of","","dispose away","","disposed with","","No improvement","","A","The correct phrasal verb is ""dispose of"", which means to get rid of or discard something. ""Dispose off"" is incorrect.","सही वाक्यांश क्रिया ""निपटान"" है, जिसका अर्थ है किसी चीज़ से छुटकारा पाना या त्यागना। ""निपटान करना"" ग़लत है."
"SSC CGL Tier 1","English Comprehension","Sentence improvement","Sentence improvement","Sentence Improvement","Medium","MCQ","2","0.5","Let you and I investigate the matter thoroughly.","आइए हम और आप मामले की गहनता से जांच करें।","me","","myself","","we","","No improvement","","A","After ""let"", objective case pronouns are used. Therefore, ""I"" should be replaced with ""me"".","""लेट"" के बाद वस्तुनिष्ठ केस सर्वनाम का उपयोग किया जाता है। इसलिए, ""मैं"" को ""मैं"" से प्रतिस्थापित किया जाना चाहिए।"
"SSC CGL Tier 1","English Comprehension","Sentence improvement","Sentence improvement","Sentence Improvement","Medium","MCQ","2","0.5","Either the operator or the engineers has made a critical error.","या तो ऑपरेटर या इंजीनियरों ने गंभीर त्रुटि की है।","have","","is","","was","","No improvement","","A","In ""Either...or"" constructions, the verb agrees with the subject nearest to it. Since ""engineers"" is plural, the correct verb is ""have"".","""या तो...या"" निर्माण में, क्रिया अपने निकटतम विषय से सहमत होती है। चूँकि ""इंजीनियर"" बहुवचन है, इसलिए सही क्रिया ""है"" है।"
"SSC CGL Tier 1","English Comprehension","Sentence improvement","Sentence improvement","Sentence Improvement","Medium","MCQ","2","0.5","He is too lazy that he cannot complete the project on time.","वह इतना आलसी है कि वह प्रोजेक्ट समय पर पूरा नहीं कर पाता।","so lazy that he cannot","","too lazy to cannot","","lazy enough to","","No improvement","","A","The structure ""so + adjective + that + clause"" is correct. ""Too...to"" cannot be followed by a clause containing ""cannot"".","""तो + विशेषण + वह + उपवाक्य"" संरचना सही है। ""Too...to"" के बाद ""नहीं कर सकते"" वाले खंड का अनुसरण नहीं किया जा सकता।"
"SSC CGL Tier 1","English Comprehension","Sentence improvement","Sentence improvement","Sentence Improvement","Medium","MCQ","2","0.5","The equipment in the chemistry lab are outdated.","रसायन विज्ञान प्रयोगशाला के उपकरण पुराने हो चुके हैं।","is","","were","","have been","","No improvement","","A","""Equipment"" is an uncountable noun and always takes a singular verb.","""उपकरण"" एक बेशुमार संज्ञा है और हमेशा एक विलक्षण क्रिया लेता है।"
"SSC CGL Tier 1","English Comprehension","Sentence improvement","Sentence improvement","Sentence Improvement","Medium","MCQ","2","0.5","I am more superior than him in technical skills.","मैं तकनीकी कौशल में उनसे कहीं अधिक श्रेष्ठ हूं।","superior to","","superior than","","more superior to","","No improvement","","A","""Superior"" is followed by the preposition ""to"" and does not take ""more"" because it already expresses comparison.","""सुपीरियर"" के बाद ""से"" पूर्वसर्ग आता है और इसमें ""अधिक"" नहीं लगता क्योंकि यह पहले से ही तुलना व्यक्त करता है।"
"SSC CGL Tier 1","English Comprehension","Sentence improvement","Sentence improvement","Sentence Improvement","Medium","MCQ","2","0.5","I have been preparing this financial sheet since three hours.","मैं तीन घंटे से यह वित्तीय पत्रक तैयार कर रहा हूं।","for three hours","","from three hours","","before three hours","","No improvement","","A","""For"" is used to indicate a duration of time, whereas ""since"" refers to a specific point in time.","""के लिए"" का उपयोग समय की अवधि को इंगित करने के लिए किया जाता है, जबकि ""चूंकि"" समय में एक विशिष्ट बिंदु को संदर्भित करता है।"
"SSC CGL Tier 1","English Comprehension","Sentence improvement","Sentence improvement","Sentence Improvement","Medium","MCQ","2","0.5","The pricing of this product is cheaper than that brand.","इस उत्पाद की कीमत उस ब्रांड से सस्ती है।","than that of that brand","","than those of that brand","","than that brand's","","No improvement","","A","The comparison is between the pricing of two brands, not between a price and a brand itself. Therefore, ""that of"" is required.","तुलना दो ब्रांडों की कीमत के बीच है, किसी कीमत और ब्रांड के बीच नहीं। इसलिए, ""वह"" आवश्यक है।"
"SSC CGL Tier 1","English Comprehension","Sentence improvement","Sentence improvement","Sentence Improvement","Medium","MCQ","2","0.5","He entered into the laboratory without wearing a safety mask.","वह बिना सुरक्षा मास्क पहने प्रयोगशाला में दाखिल हुए।","entered the laboratory","","entered inside the laboratory","","entered in the laboratory","","No improvement","","A","The verb ""enter"" itself means ""go into"", so using ""into"" after it is redundant.","क्रिया ""प्रवेश करें"" का अर्थ ही ""अंदर जाना"" है, इसलिए इसके बाद ""अंदर"" का उपयोग करना अनावश्यक है।"
"SSC CGL Tier 1","English Comprehension","Sentence improvement","Sentence improvement","Sentence Improvement","Medium","MCQ","2","0.5","Both the management and the staff is working together.","प्रबंधन और स्टाफ दोनों मिलकर काम कर रहे हैं.","are","","was","","has been","","No improvement","","A","""Both...and"" creates a plural subject, so it requires a plural verb.","""दोनों...और"" एक बहुवचन विषय बनाता है, इसलिए इसके लिए बहुवचन क्रिया की आवश्यकता होती है।"
"SSC CGL Tier 1","English Comprehension","Sentence improvement","Sentence improvement","Sentence Improvement","Medium","MCQ","2","0.5","The project was delayed due to the team didn't cooperate.","टीम के सहयोग न करने के कारण प्रोजेक्ट में देरी हुई।","because","","owing to","","because of","","No improvement","","A","""Due to"" and ""because of"" are followed by noun phrases, whereas ""because"" introduces a clause.","""कारण"" और ""की वजह से"" के बाद संज्ञा वाक्यांश आते हैं, जबकि ""क्योंकि"" एक उपवाक्य का परिचय देता है।"
"SSC CGL Tier 1","English Comprehension","Sentence improvement","Sentence improvement","Sentence Improvement","Medium","MCQ","2","0.5","No sooner did the meeting end when the power went out.","बैठक ख़त्म ही नहीं हुई थी कि बिजली चली गयी.","than","","then","","before","","No improvement","","A","The fixed correlative conjunction is ""No sooner...than"".","निश्चित सहसंबंधी संयोजन ""इससे पहले नहीं...से"" है।"
"SSC CGL Tier 1","English Comprehension","Sentence improvement","Sentence improvement","Sentence Improvement","Medium","MCQ","2","0.5","Many a candidate has applied for the assistant post.","कई उम्मीदवारों ने सहायक पद के लिए आवेदन किया है।","has applied","","have applied","","have apply","","No improvement","","D","""Many a"" is followed by a singular noun and takes a singular verb. The sentence is already correct.","""अनेक"" के बाद एकवचन संज्ञा आती है और एकवचन क्रिया आती है। वाक्य पहले से ही सही है."
"SSC CGL Tier 1","English Comprehension","Sentence improvement","Sentence improvement","Sentence Improvement","Medium","MCQ","2","0.5","She handles every customer query with professionally.","वह ग्राहक की हर क्वेरी को पेशेवर तरीके से संभालती है।","professionally","","with professionalism","","with professional","","No improvement","","A","An adverb is needed to modify the verb ""handles"". Therefore, ""professionally"" is correct.","क्रिया ""हैंडल"" को संशोधित करने के लिए एक क्रिया विशेषण की आवश्यकता होती है। इसलिए, ""पेशेवर रूप से"" सही है।"
"SSC CGL Tier 1","English Comprehension","Sentence improvement","Sentence improvement","Sentence Improvement","Medium","MCQ","2","0.5","This is the most perfect design for the corporate logo.","कॉर्पोरेट लोगो के लिए यह सबसे उत्तम डिज़ाइन है।","perfect","","a perfect","","the perfect","","No improvement","","A","""Perfect"" is an absolute adjective and does not take comparative or superlative forms such as ""more"" or ""most"".","""परफेक्ट"" एक पूर्ण विशेषण है और यह ""अधिक"" या ""सबसे"" जैसे तुलनात्मक या अतिशयोक्तिपूर्ण रूप नहीं लेता है।"
"SSC CGL Tier 1","English Comprehension","Sentence improvement","Sentence improvement","Sentence Improvement","Medium","MCQ","2","0.5","The data provided by the department is verified.","विभाग की ओर से उपलब्ध कराये गये आंकड़े सत्यापित हैं.","are","","were","","have been","","No improvement","","D","In modern English usage, ""data"" is often treated as a singular mass noun, making ""is verified"" acceptable.","आधुनिक अंग्रेजी उपयोग में, ""डेटा"" को अक्सर एकवचन द्रव्यमान संज्ञा के रूप में माना जाता है, जिससे ""सत्यापित है"" स्वीकार्य हो जाता है।"
"SSC CGL Tier 1","English Comprehension","Sentence improvement","Sentence improvement","Sentence Improvement","Medium","MCQ","2","0.5","If he would have worked hard, he would have passed Tier-2.","अगर उसने मेहनत की होती तो टियर-2 पास कर लिया होता.","had worked","","worked","","works","","No improvement","","A","In the Third Conditional, the if-clause takes the Past Perfect tense, while the main clause uses ""would have + past participle"".","तीसरे सशर्त में, यदि-क्लॉज पास्ट परफेक्ट टेंस लेता है, जबकि मुख्य क्लॉज ""होगा + पास्ट पार्टिकलर"" का उपयोग करता है।"
"SSC CGL Tier 1","English Comprehension","Sentence improvement","Sentence improvement","Sentence Improvement","Medium","MCQ","2","0.5","One must be honest to his profession.","व्यक्ति को अपने पेशे के प्रति ईमानदार रहना चाहिए।","one's","","their","","individual","","No improvement","","A","When the subject is ""One"", the corresponding possessive pronoun should be ""one's"".","जब कर्ता ""एक"" है, तो संबंधित अधिकारवाचक सर्वनाम ""एक का"" होना चाहिए।"
"SSC CGL Tier 1","English Comprehension","Sentence improvement","Sentence improvement","Sentence Improvement","Medium","MCQ","2","0.5","The standard of living in metros is superior than rural areas.","महानगरों में जीवन स्तर ग्रामीण क्षेत्रों की तुलना में बेहतर है।","superior to that in","","superior than that in","","superior to those in","","No improvement","","A","The adjective ""superior"" is always followed by ""to"". Also, the comparison is between standards of living, so ""that in"" is required to avoid faulty comparison.","विशेषण ""श्रेष्ठ"" के बाद हमेशा ""से"" आता है। इसके अलावा, तुलना जीवन स्तर के बीच है, इसलिए दोषपूर्ण तुलना से बचने के लिए ""उसमें"" आवश्यक है।"